record_id,split,stance_code,stance_category,annotator_1_labels,annotator_2_labels,adjudicated_gold_labels
ATTR-DEV-0001,dev,3,Delayed vaccination,"[""A1b"",""A2a""]","[""A1b"",""A2a""]","[""A1b"",""A2a""]"
ATTR-DEV-0002,dev,3,Delayed vaccination,"[""B5b""]","[""B5b""]","[""B5b""]"
ATTR-DEV-0003,dev,3,Delayed vaccination,"[""A1c"",""A1a""]","[""A1b""]","[""A1c""]"
ATTR-DEV-0004,dev,3,Delayed vaccination,"[""B3b""]","[""B3b"",""B3a""]","[""B3a""]"
ATTR-DEV-0005,dev,3,Delayed vaccination,"[""B5b""]","[""B2b"",""B2c""]","[""B5b""]"
ATTR-DEV-0006,dev,3,Delayed vaccination,"[""B6a""]","[""B6a""]","[""B6a""]"
ATTR-DEV-0007,dev,3,Delayed vaccination,"[""A2a""]","[""B6a""]","[""B6a""]"
ATTR-DEV-0008,dev,3,Delayed vaccination,"[""A2a""]","[""C1c""]","[""C1c""]"
ATTR-DEV-0009,dev,3,Delayed vaccination,"[""A2a""]","[""A2d""]","[""A2d""]"
ATTR-DEV-0010,dev,3,Delayed vaccination,"[""A1c"",""B6a""]","[""A1c"",""B6a""]","[""A1c"",""B6a""]"
ATTR-DEV-0011,dev,3,Delayed vaccination,"[""A3c"",""A3d""]","[""A3c""]","[""A3d""]"
ATTR-DEV-0012,dev,3,Delayed vaccination,"[""A3d""]","[""A3d""]","[""A3d""]"
ATTR-DEV-0013,dev,3,Delayed vaccination,"[""A3d""]","[""A3d""]","[""A3d""]"
ATTR-DEV-0014,dev,3,Delayed vaccination,"[""A2a""]","[""A1c""]","[""A1c""]"
ATTR-DEV-0015,dev,3,Delayed vaccination,"[""A3d""]","[""A2a""]","[""A3d""]"
ATTR-DEV-0016,dev,3,Delayed vaccination,"[""A1c""]","[""A2a""]","[""A1c""]"
ATTR-DEV-0017,dev,3,Delayed vaccination,"[""C1c""]","[""C1c""]","[""C1c""]"
ATTR-DEV-0018,dev,3,Delayed vaccination,"[""A2a""]","[""A1a""]","[""A1a""]"
ATTR-DEV-0019,dev,3,Delayed vaccination,"[""C1b""]","[""C1b""]","[""C1b""]"
ATTR-DEV-0020,dev,3,Delayed vaccination,"[""A2a""]","[""A3d""]","[""A3d""]"
ATTR-DEV-0021,dev,3,Delayed vaccination,"[""A3a"",""B6a""]","[""A2a"",""A3a""]","[""A3a"",""B6a""]"
ATTR-DEV-0022,dev,3,Delayed vaccination,"[""A1c"",""A2d""]","[""A2a"",""A2d""]","[""A2a"",""A2d""]"
ATTR-DEV-0023,dev,3,Delayed vaccination,"[""B6a""]","[""B6a""]","[""B6a""]"
ATTR-DEV-0024,dev,3,Delayed vaccination,"[""B6a""]","[""B6a""]","[""B6a""]"
ATTR-DEV-0025,dev,3,Delayed vaccination,"[""B1b"",""B4a""]","[""B1b"",""B4a""]","[""B1b"",""B4a""]"
ATTR-DEV-0026,dev,3,Delayed vaccination,"[""A3d""]","[""A3d""]","[""A3d""]"
ATTR-DEV-0027,dev,3,Delayed vaccination,"[""A1c""]","[""A1c""]","[""A1c""]"
ATTR-DEV-0028,dev,3,Delayed vaccination,"[""A2a""]","[""A2a""]","[""A2a""]"
ATTR-DEV-0029,dev,3,Delayed vaccination,"[""A2a"",""B5a""]","[""A1c"",""B5a""]","[""A1c"",""B5a""]"
ATTR-DEV-0030,dev,3,Delayed vaccination,"[""A2c"",""C3a"",""C4d""]","[""A2c"",""C3a"",""C4d""]","[""A2c"",""C3a"",""C4d""]"
ATTR-DEV-0031,dev,3,Delayed vaccination,"[""A2a""]","[""A1c""]","[""A2a""]"
ATTR-DEV-0032,dev,3,Delayed vaccination,"[""A2a""]","[""A3e""]","[""A3e""]"
ATTR-DEV-0033,dev,3,Delayed vaccination,"[""A1c""]","[""A1c""]","[""A1c""]"
ATTR-DEV-0034,dev,3,Delayed vaccination,"[""B6a""]","[""B6a""]","[""B6a""]"
ATTR-DEV-0035,dev,3,Delayed vaccination,"[""C1c"",""C1d""]","[""A2a"",""C1d""]","[""C1c"",""C1d""]"
ATTR-DEV-0036,dev,3,Delayed vaccination,"[""A2a"",""C1b""]","[""C1b"",""C1c""]","[""C1b"",""C1c""]"
ATTR-DEV-0037,dev,3,Delayed vaccination,"[""A2a""]","[""B6a""]","[""B6a""]"
ATTR-DEV-0038,dev,3,Delayed vaccination,"[""A1c"",""C4a""]","[""B6a"",""C4a""]","[""B6a"",""C4a""]"
ATTR-DEV-0039,dev,3,Delayed vaccination,"[""A2a""]","[""A3d""]","[""A3d""]"
ATTR-DEV-0040,dev,3,Delayed vaccination,"[""A1c""]","[""A2a""]","[""A1c""]"
ATTR-DEV-0041,dev,3,Delayed vaccination,"[""C1c""]","[""C1d"",""C3f""]","[""C1c""]"
ATTR-DEV-0042,dev,3,Delayed vaccination,"[""A1a"",""B6a""]","[""A1a"",""B6a""]","[""A1a"",""B6a""]"
ATTR-DEV-0043,dev,3,Delayed vaccination,"[""A1c""]","[""D0""]","[""D0""]"
ATTR-DEV-0044,dev,3,Delayed vaccination,"[""A2a"",""C3d""]","[""A2a"",""C3d""]","[""A2a"",""C3d""]"
ATTR-DEV-0045,dev,3,Delayed vaccination,"[""A2a"",""B6a""]","[""A1c"",""B6a""]","[""A1c"",""B6a""]"
ATTR-DEV-0046,dev,3,Delayed vaccination,"[""B6a""]","[""B6a""]","[""B6a""]"
ATTR-DEV-0047,dev,3,Delayed vaccination,"[""C1d""]","[""C1d""]","[""C1d""]"
ATTR-DEV-0048,dev,3,Delayed vaccination,"[""A1c""]","[""A1c""]","[""A1c""]"
ATTR-DEV-0049,dev,3,Delayed vaccination,"[""A2a""]","[""A1c""]","[""A1c""]"
ATTR-DEV-0050,dev,3,Delayed vaccination,"[""A1c""]","[""B6a""]","[""B6a""]"
ATTR-DEV-0051,dev,3,Delayed vaccination,"[""A2a""]","[""A1c""]","[""A1c""]"
ATTR-DEV-0052,dev,3,Delayed vaccination,"[""A1c""]","[""A2a""]","[""A1c""]"
ATTR-DEV-0053,dev,3,Delayed vaccination,"[""A1a"",""B3a"",""B6a""]","[""A1a"",""B3a"",""B6a""]","[""A1a"",""B3a"",""B6a""]"
ATTR-DEV-0054,dev,3,Delayed vaccination,"[""B1a"",""B6a""]","[""B5a"",""B1c""]","[""B5b""]"
ATTR-DEV-0055,dev,3,Delayed vaccination,"[""A1c"",""C4b""]","[""B6a"",""C4b""]","[""B6a"",""C4b""]"
ATTR-DEV-0056,dev,3,Delayed vaccination,"[""B6a""]","[""B6a""]","[""B6a""]"
ATTR-DEV-0057,dev,3,Delayed vaccination,"[""A3d""]","[""A3d""]","[""A3d""]"
ATTR-DEV-0058,dev,3,Delayed vaccination,"[""B5b""]","[""B5b""]","[""B5b""]"
ATTR-DEV-0059,dev,3,Delayed vaccination,"[""A3d""]","[""A3d""]","[""A3d""]"
ATTR-DEV-0060,dev,3,Delayed vaccination,"[""A3d""]","[""A3d""]","[""A3d""]"
ATTR-DEV-0061,dev,3,Delayed vaccination,"[""B4a""]","[""A1c""]","[""B4a""]"
ATTR-DEV-0062,dev,3,Delayed vaccination,"[""A1a"",""A1c""]","[""A1a"",""B6a""]","[""A1a"",""B6a""]"
ATTR-DEV-0063,dev,3,Delayed vaccination,"[""A1c""]","[""A1c""]","[""A1c""]"
ATTR-DEV-0064,dev,3,Delayed vaccination,"[""A1a"",""B6a""]","[""A1a"",""B6a""]","[""A1a"",""B6a""]"
ATTR-DEV-0065,dev,3,Delayed vaccination,"[""A2a""]","[""A2a""]","[""A2a""]"
ATTR-DEV-0066,dev,3,Delayed vaccination,"[""B6a""]","[""B6a""]","[""B6a""]"
ATTR-DEV-0067,dev,3,Delayed vaccination,"[""C4a""]","[""C4a""]","[""C4a""]"
ATTR-DEV-0068,dev,3,Delayed vaccination,"[""C1d""]","[""A1c""]","[""C1d""]"
ATTR-DEV-0069,dev,3,Delayed vaccination,"[""A3d""]","[""A2a""]","[""A3d""]"
ATTR-DEV-0070,dev,3,Delayed vaccination,"[""A2a""]","[""A2a""]","[""A2a""]"
ATTR-DEV-0071,dev,3,Delayed vaccination,"[""A2a"",""A2b"",""A2c""]","[""A2d""]","[""A2a""]"
ATTR-DEV-0072,dev,3,Delayed vaccination,"[""A1c""]","[""A2a""]","[""A2a""]"
ATTR-DEV-0073,dev,3,Delayed vaccination,"[""A2c"",""B1c"",""B7a""]","[""A2c"",""B1c"",""B7a""]","[""A2c"",""B1c"",""B7a""]"
ATTR-DEV-0074,dev,3,Delayed vaccination,"[""A2a""]","[""A1c""]","[""A1c""]"
ATTR-DEV-0075,dev,3,Delayed vaccination,"[""A2a""]","[""A2a""]","[""A2a""]"
ATTR-DEV-0076,dev,3,Delayed vaccination,"[""A2a"",""B2b""]","[""A2a"",""B2b""]","[""A2a"",""B2b""]"
ATTR-DEV-0077,dev,3,Delayed vaccination,"[""A3d"",""B4a""]","[""A3d"",""B4a""]","[""A3d"",""B4a""]"
ATTR-DEV-0078,dev,3,Delayed vaccination,"[""A2a""]","[""A2a""]","[""A2a""]"
ATTR-DEV-0079,dev,3,Delayed vaccination,"[""A2a"",""C2a""]","[""A2a"",""C2a""]","[""A2a"",""C2a""]"
ATTR-DEV-0080,dev,3,Delayed vaccination,"[""B4a"",""B6a""]","[""B4a"",""B6a""]","[""B4a"",""B6a""]"
ATTR-DEV-0081,dev,3,Delayed vaccination,"[""A2a"",""B6a""]","[""A1c"",""B6a""]","[""A1c"",""B6a""]"
ATTR-DEV-0082,dev,3,Delayed vaccination,"[""A3d""]","[""A3d""]","[""A3d""]"
ATTR-DEV-0083,dev,3,Delayed vaccination,"[""C1a""]","[""C1c"",""C1d""]","[""C1c""]"
ATTR-DEV-0084,dev,3,Delayed vaccination,"[""A1b"",""A1a""]","[""A1c"",""A1d""]","[""A1b""]"
ATTR-DEV-0085,dev,3,Delayed vaccination,"[""A2a"",""B6a""]","[""A1c"",""B6a""]","[""A2a"",""B6a""]"
ATTR-DEV-0086,dev,3,Delayed vaccination,"[""A1a"",""B6a""]","[""A1a"",""A2a""]","[""A1a"",""B6a""]"
ATTR-DEV-0087,dev,3,Delayed vaccination,"[""A2a"",""A2e"",""A2b""]","[""A2a"",""A2c""]","[""A2a""]"
ATTR-DEV-0088,dev,3,Delayed vaccination,"[""A1c"",""C3a"",""C4b""]","[""A1c"",""C3a"",""C4b""]","[""A1c"",""C3a"",""C4b""]"
ATTR-DEV-0089,dev,3,Delayed vaccination,"[""A1c""]","[""A1c""]","[""A1c""]"
ATTR-DEV-0090,dev,3,Delayed vaccination,"[""C1d""]","[""C1d""]","[""C1d""]"
ATTR-DEV-0091,dev,3,Delayed vaccination,"[""A1c"",""A2b"",""B6a""]","[""A1c"",""A2a"",""A2b""]","[""A1c"",""A2a"",""A2b""]"
ATTR-DEV-0092,dev,3,Delayed vaccination,"[""A2a""]","[""B7a""]","[""B7a""]"
ATTR-DEV-0093,dev,3,Delayed vaccination,"[""A1c""]","[""B7a""]","[""B7a""]"
ATTR-DEV-0094,dev,3,Delayed vaccination,"[""A2a""]","[""A1c""]","[""A1c""]"
ATTR-DEV-0095,dev,3,Delayed vaccination,"[""B6a""]","[""B6a""]","[""B6a""]"
ATTR-DEV-0096,dev,3,Delayed vaccination,"[""A1a"",""A1c"",""C4a""]","[""A1a"",""B6a"",""C4a""]","[""A1a"",""B6a"",""C4a""]"
ATTR-DEV-0097,dev,3,Delayed vaccination,"[""A2a"",""A2c"",""B4a""]","[""A2c"",""B4a"",""B6a""]","[""A2c"",""B4a"",""B6a""]"
ATTR-DEV-0098,dev,3,Delayed vaccination,"[""A1a"",""A3a"",""B6a""]","[""A1a"",""A1c"",""A3a""]","[""A1a"",""A3a"",""B6a""]"
ATTR-DEV-0099,dev,3,Delayed vaccination,"[""A1c""]","[""A2a""]","[""A1c""]"
ATTR-DEV-0100,dev,3,Delayed vaccination,"[""B6a""]","[""B6a""]","[""B6a""]"
ATTR-DEV-0101,dev,3,Delayed vaccination,"[""A1b"",""A1c"",""A2a""]","[""A1b"",""C2a"",""C3a""]","[""A1b"",""C2a"",""C3a""]"
ATTR-DEV-0102,dev,3,Delayed vaccination,"[""B6a""]","[""B6a""]","[""B6a""]"
ATTR-DEV-0103,dev,3,Delayed vaccination,"[""A1a"",""B6a""]","[""A1a"",""B6a""]","[""A1a"",""B6a""]"
ATTR-DEV-0104,dev,3,Delayed vaccination,"[""A1a"",""A3c"",""B3b""]","[""A1a"",""A3c"",""B3b""]","[""A1a"",""A3c"",""B3b""]"
ATTR-DEV-0105,dev,3,Delayed vaccination,"[""A2a""]","[""A2a""]","[""A2a""]"
ATTR-DEV-0106,dev,3,Delayed vaccination,"[""A3d"",""C1d""]","[""C1d""]","[""A3d"",""C1d""]"
ATTR-DEV-0107,dev,3,Delayed vaccination,"[""A3d"",""C1c""]","[""A3d"",""C1c""]","[""A3d"",""C1c""]"
ATTR-DEV-0108,dev,3,Delayed vaccination,"[""A1c"",""C3a"",""C3f""]","[""A2a"",""C3a"",""C3f""]","[""A1c"",""C3a"",""C3f""]"
ATTR-DEV-0109,dev,3,Delayed vaccination,"[""A1c""]","[""A2a""]","[""A2a""]"
ATTR-DEV-0110,dev,3,Delayed vaccination,"[""B1c"",""B4a""]","[""B1c"",""B4a""]","[""B1c"",""B4a""]"
ATTR-DEV-0111,dev,3,Delayed vaccination,"[""B6a""]","[""B6a""]","[""B6a""]"
ATTR-DEV-0112,dev,3,Delayed vaccination,"[""A2d""]","[""A2d""]","[""A2d""]"
ATTR-DEV-0113,dev,3,Delayed vaccination,"[""A2a"",""B2b""]","[""A2a"",""B2b""]","[""A2a"",""B2b""]"
ATTR-DEV-0114,dev,3,Delayed vaccination,"[""A1c""]","[""A1c""]","[""A1c""]"
ATTR-DEV-0115,dev,3,Delayed vaccination,"[""A1a"",""B6a""]","[""A1a"",""B6a""]","[""A1a"",""B6a""]"
ATTR-DEV-0116,dev,3,Delayed vaccination,"[""B7a""]","[""B7a""]","[""B7a""]"
ATTR-DEV-0117,dev,3,Delayed vaccination,"[""A1a""]","[""A1c""]","[""A1a""]"
ATTR-DEV-0118,dev,3,Delayed vaccination,"[""A1a"",""B6a"",""C4b""]","[""A1a"",""B6a"",""C4b""]","[""A1a"",""B6a"",""C4b""]"
ATTR-DEV-0119,dev,3,Delayed vaccination,"[""B7a""]","[""B7a""]","[""B7a""]"
ATTR-DEV-0120,dev,3,Delayed vaccination,"[""B6a"",""C4a""]","[""C4b"",""C4c""]","[""B6a""]"
ATTR-DEV-0121,dev,3,Delayed vaccination,"[""C1b""]","[""A2a""]","[""C1b""]"
ATTR-DEV-0122,dev,3,Delayed vaccination,"[""A2a""]","[""A2a""]","[""A2a""]"
ATTR-DEV-0123,dev,3,Delayed vaccination,"[""D0""]","[""D0""]","[""D0""]"
ATTR-DEV-0124,dev,3,Delayed vaccination,"[""B6a""]","[""B6a""]","[""B6a""]"
ATTR-DEV-0125,dev,3,Delayed vaccination,"[""A1c""]","[""A2a""]","[""A1c""]"
ATTR-DEV-0126,dev,3,Delayed vaccination,"[""A3d""]","[""A3d""]","[""A3d""]"
ATTR-DEV-0127,dev,4,Vaccine refusal,"[""C4c""]","[""A1c""]","[""C4c""]"
ATTR-DEV-0128,dev,4,Vaccine refusal,"[""B7a""]","[""B7a""]","[""B7a""]"
ATTR-DEV-0129,dev,4,Vaccine refusal,"[""A2a""]","[""A2a""]","[""A2a""]"
ATTR-DEV-0130,dev,4,Vaccine refusal,"[""A2a""]","[""A2a""]","[""A2a""]"
ATTR-DEV-0131,dev,4,Vaccine refusal,"[""A2c""]","[""A2c""]","[""A2c""]"
ATTR-DEV-0132,dev,4,Vaccine refusal,"[""A1a"",""C3a""]","[""A1a"",""C3a""]","[""A1a"",""C3a""]"
ATTR-DEV-0133,dev,4,Vaccine refusal,"[""A1c""]","[""A1c""]","[""A1c""]"
ATTR-DEV-0134,dev,4,Vaccine refusal,"[""C4a"",""C4d""]","[""C4a""]","[""C4d""]"
ATTR-DEV-0135,dev,4,Vaccine refusal,"[""A1a"",""A1b"",""C3c""]","[""A1b"",""A1c"",""C3c""]","[""A1a"",""A1b"",""C3c""]"
ATTR-DEV-0136,dev,4,Vaccine refusal,"[""A1b"",""A2a"",""C4c""]","[""A1b"",""A2a"",""C4c""]","[""A1b"",""A2a"",""C4c""]"
ATTR-DEV-0137,dev,4,Vaccine refusal,"[""B5b""]","[""C3b"",""C3e""]","[""B5b""]"
ATTR-DEV-0138,dev,4,Vaccine refusal,"[""A1c""]","[""A2a""]","[""A1c""]"
ATTR-DEV-0139,dev,4,Vaccine refusal,"[""A1c""]","[""A2a""]","[""A1c""]"
ATTR-DEV-0140,dev,4,Vaccine refusal,"[""A2a"",""B2d"",""C2a""]","[""A1c"",""B2d"",""C2a""]","[""A2a"",""B2d"",""C2a""]"
ATTR-DEV-0141,dev,4,Vaccine refusal,"[""A3b""]","[""A3b""]","[""A3b""]"
ATTR-DEV-0142,dev,4,Vaccine refusal,"[""B1c"",""B7a""]","[""A1c"",""B1c""]","[""B1c"",""B7a""]"
ATTR-DEV-0143,dev,4,Vaccine refusal,"[""A2a""]","[""A2a""]","[""A2a""]"
ATTR-DEV-0144,dev,4,Vaccine refusal,"[""A1c""]","[""A1c""]","[""A1c""]"
ATTR-DEV-0145,dev,4,Vaccine refusal,"[""A2a"",""C4d""]","[""C4b"",""C4d""]","[""C4b"",""C4d""]"
ATTR-DEV-0146,dev,4,Vaccine refusal,"[""B4a""]","[""B4a""]","[""B4a""]"
ATTR-DEV-0147,dev,4,Vaccine refusal,"[""A1c""]","[""A1c""]","[""A1c""]"
ATTR-DEV-0148,dev,4,Vaccine refusal,"[""A1b"",""A2a"",""C4c""]","[""A1b"",""A2a"",""C4c""]","[""A1b"",""A2a"",""C4c""]"
ATTR-DEV-0149,dev,4,Vaccine refusal,"[""A1c"",""A3a""]","[""A1c"",""A3a""]","[""A1c"",""A3a""]"
ATTR-DEV-0150,dev,4,Vaccine refusal,"[""A1c"",""C3c"",""C3d""]","[""A1c"",""C3c"",""C3d""]","[""A1c"",""C3c"",""C3d""]"
ATTR-DEV-0151,dev,4,Vaccine refusal,"[""B1b"",""B2a"",""B2b""]","[""B1b"",""B2a"",""B2b""]","[""B1b"",""B2a"",""B2b""]"
ATTR-DEV-0152,dev,4,Vaccine refusal,"[""A1c""]","[""A2a""]","[""A1c""]"
ATTR-DEV-0153,dev,4,Vaccine refusal,"[""A2a"",""B1c"",""C4d""]","[""A2a"",""B1c"",""C4d""]","[""A2a"",""B1c"",""C4d""]"
ATTR-DEV-0154,dev,4,Vaccine refusal,"[""B5a"",""C3a"",""C3f""]","[""A1c"",""C3a"",""C3f""]","[""B5a"",""C3a"",""C3f""]"
ATTR-DEV-0155,dev,4,Vaccine refusal,"[""A1a""]","[""A1c""]","[""A1a""]"
ATTR-DEV-0156,dev,4,Vaccine refusal,"[""A2a"",""A2d""]","[""A2e""]","[""A2a""]"
ATTR-DEV-0157,dev,4,Vaccine refusal,"[""B1b""]","[""B1b""]","[""B1b""]"
ATTR-DEV-0158,dev,4,Vaccine refusal,"[""A1a"",""A1c"",""C3a""]","[""A1a"",""A1c"",""C3a""]","[""A1a"",""A1c"",""C3a""]"
ATTR-DEV-0159,dev,4,Vaccine refusal,"[""A1b""]","[""A2a""]","[""A1b""]"
ATTR-DEV-0160,dev,4,Vaccine refusal,"[""B5a""]","[""B5a""]","[""B5a""]"
ATTR-DEV-0161,dev,4,Vaccine refusal,"[""A1c"",""A2a""]","[""A1c"",""A2a""]","[""A1c"",""A2a""]"
ATTR-DEV-0162,dev,4,Vaccine refusal,"[""A1c""]","[""A2a""]","[""A1c""]"
ATTR-DEV-0163,dev,4,Vaccine refusal,"[""A2a""]","[""A1c""]","[""A1c""]"
ATTR-DEV-0164,dev,4,Vaccine refusal,"[""A1c""]","[""A2a""]","[""A1c""]"
ATTR-DEV-0165,dev,4,Vaccine refusal,"[""A1c""]","[""A1c""]","[""A1c""]"
ATTR-DEV-0166,dev,4,Vaccine refusal,"[""B4a""]","[""A1c""]","[""B4a""]"
ATTR-DEV-0167,dev,4,Vaccine refusal,"[""A1c""]","[""A3d""]","[""A3d""]"
ATTR-DEV-0168,dev,4,Vaccine refusal,"[""B5b""]","[""B5b""]","[""B5b""]"
ATTR-DEV-0169,dev,4,Vaccine refusal,"[""A1c""]","[""C3b""]","[""A1c"",""C3b""]"
ATTR-DEV-0170,dev,4,Vaccine refusal,"[""B1b"",""B2c""]","[""B1b"",""B2c""]","[""B1b"",""B2c""]"
ATTR-DEV-0171,dev,4,Vaccine refusal,"[""A2a""]","[""A2a""]","[""A2a""]"
ATTR-DEV-0172,dev,3,Delayed vaccination,"[""A2a""]","[""A2a""]","[""A2a""]"
ATTR-DEV-0173,dev,3,Delayed vaccination,"[""B6a""]","[""B6a""]","[""B6a""]"
ATTR-DEV-0174,dev,3,Delayed vaccination,"[""A3d"",""B6a""]","[""A1c"",""A2a""]","[""A1c"",""A2a""]"
ATTR-DEV-0175,dev,3,Delayed vaccination,"[""A2a""]","[""A2a""]","[""A2a""]"
ATTR-DEV-0176,dev,3,Delayed vaccination,"[""B6a""]","[""B6a""]","[""B6a""]"
ATTR-DEV-0177,dev,3,Delayed vaccination,"[""A1c""]","[""A1c"",""A2e"",""A3e""]","[""A1c""]"
ATTR-DEV-0178,dev,3,Delayed vaccination,"[""C2a""]","[""C2a""]","[""C2a""]"
ATTR-DEV-0179,dev,3,Delayed vaccination,"[""C3a"",""C3f""]","[""C3a"",""C3f""]","[""C3a"",""C3f""]"
ATTR-DEV-0180,dev,3,Delayed vaccination,"[""A1b"",""B6a""]","[""A1b"",""B6a""]","[""A1b"",""B6a""]"
ATTR-DEV-0181,dev,3,Delayed vaccination,"[""A2a"",""A2d""]","[""A2a""]","[""A2d""]"
ATTR-DEV-0182,dev,3,Delayed vaccination,"[""C1d""]","[""C1d""]","[""C1d""]"
ATTR-DEV-0183,dev,3,Delayed vaccination,"[""A2a""]","[""A1c""]","[""A2a""]"
ATTR-DEV-0184,dev,3,Delayed vaccination,"[""A1c"",""A2a""]","[""B6a"",""C1c""]","[""B6a"",""C1c""]"
ATTR-DEV-0185,dev,3,Delayed vaccination,"[""A1c""]","[""A3d""]","[""A3d""]"
ATTR-DEV-0186,dev,3,Delayed vaccination,"[""A1c""]","[""B5b""]","[""B5b""]"
ATTR-DEV-0187,dev,3,Delayed vaccination,"[""A3d""]","[""A2a""]","[""A3d""]"
ATTR-DEV-0188,dev,3,Delayed vaccination,"[""B2d"",""C1b""]","[""A1c"",""B2d""]","[""B2d"",""C1b""]"
ATTR-DEV-0189,dev,3,Delayed vaccination,"[""A1c""]","[""A1c""]","[""A1c""]"
ATTR-DEV-0190,dev,3,Delayed vaccination,"[""B1a"",""B1b""]","[""B1a"",""B1b""]","[""B1a"",""B1b""]"
ATTR-DEV-0191,dev,3,Delayed vaccination,"[""C1b"",""C1d""]","[""C1b"",""C1d""]","[""C1b"",""C1d""]"
ATTR-DEV-0192,dev,3,Delayed vaccination,"[""B6a""]","[""A2a""]","[""B6a""]"
ATTR-DEV-0193,dev,3,Delayed vaccination,"[""A3d""]","[""A3d""]","[""A3d""]"
ATTR-DEV-0194,dev,3,Delayed vaccination,"[""C1b""]","[""A1c""]","[""C1b""]"
ATTR-DEV-0195,dev,3,Delayed vaccination,"[""C1c""]","[""C1c""]","[""C1c""]"
ATTR-DEV-0196,dev,3,Delayed vaccination,"[""A2a""]","[""C1b""]","[""C1b""]"
ATTR-DEV-0197,dev,3,Delayed vaccination,"[""B2b""]","[""B2b""]","[""B2b""]"
ATTR-DEV-0198,dev,3,Delayed vaccination,"[""A1c""]","[""A2a""]","[""A2a""]"
ATTR-DEV-0199,dev,3,Delayed vaccination,"[""B3b""]","[""A2a""]","[""B3b""]"
ATTR-DEV-0200,dev,3,Delayed vaccination,"[""B6a"",""C1b""]","[""B6a"",""C1b""]","[""B6a"",""C1b""]"
ATTR-DEV-0201,dev,3,Delayed vaccination,"[""B7a"",""C1c""]","[""A1c"",""B7a""]","[""B7a"",""C1c""]"
ATTR-DEV-0202,dev,3,Delayed vaccination,"[""A1a""]","[""A2a""]","[""A1a""]"
ATTR-DEV-0203,dev,3,Delayed vaccination,"[""A3a""]","[""A3a""]","[""A3a""]"
ATTR-DEV-0204,dev,3,Delayed vaccination,"[""A3b""]","[""A3b"",""A3d""]","[""A3d""]"
ATTR-DEV-0205,dev,3,Delayed vaccination,"[""B1c""]","[""B1c""]","[""B1c""]"
ATTR-DEV-0206,dev,3,Delayed vaccination,"[""A3d""]","[""A3d""]","[""A3d""]"
ATTR-DEV-0207,dev,3,Delayed vaccination,"[""A1c"",""A3b""]","[""A3b"",""C3c""]","[""A3b"",""C3c""]"
ATTR-DEV-0208,dev,3,Delayed vaccination,"[""A2a""]","[""C1c""]","[""C1c""]"
ATTR-DEV-0209,dev,3,Delayed vaccination,"[""A1c""]","[""A1c""]","[""A1c""]"
ATTR-DEV-0210,dev,3,Delayed vaccination,"[""A3d""]","[""A3d""]","[""A3d""]"
ATTR-DEV-0211,dev,3,Delayed vaccination,"[""D0""]","[""D0""]","[""D0""]"
ATTR-DEV-0212,dev,3,Delayed vaccination,"[""A1c""]","[""A2a""]","[""A1c""]"
ATTR-DEV-0213,dev,3,Delayed vaccination,"[""A1c"",""C1b""]","[""C1b"",""C1c""]","[""C1b"",""C1c""]"
ATTR-DEV-0214,dev,3,Delayed vaccination,"[""A1c""]","[""A2a""]","[""A2a""]"
ATTR-DEV-0215,dev,3,Delayed vaccination,"[""A1a"",""A2a"",""B5a""]","[""A1a"",""A1c"",""B5a""]","[""A1a"",""A2a"",""B5a""]"
ATTR-DEV-0216,dev,3,Delayed vaccination,"[""A2a""]","[""B4a""]","[""B4a""]"
ATTR-DEV-0217,dev,3,Delayed vaccination,"[""A2a""]","[""A1c""]","[""A1c""]"
ATTR-DEV-0218,dev,3,Delayed vaccination,"[""A1c""]","[""A2a""]","[""A1c""]"
ATTR-DEV-0219,dev,3,Delayed vaccination,"[""A2a""]","[""A2a""]","[""A2a""]"
ATTR-DEV-0220,dev,3,Delayed vaccination,"[""B1a"",""B2b""]","[""B1a"",""B2b""]","[""B1a"",""B2b""]"
ATTR-DEV-0221,dev,3,Delayed vaccination,"[""B3a"",""B6a""]","[""A1c"",""B3a""]","[""B3a"",""B6a""]"
ATTR-DEV-0222,dev,3,Delayed vaccination,"[""A2a""]","[""A2a""]","[""A2a""]"
ATTR-DEV-0223,dev,3,Delayed vaccination,"[""A3e""]","[""A3d"",""A3c""]","[""A3d""]"
ATTR-DEV-0224,dev,3,Delayed vaccination,"[""A1a""]","[""A1a""]","[""A1a""]"
ATTR-DEV-0225,dev,3,Delayed vaccination,"[""A1c""]","[""A1c""]","[""A1c""]"
ATTR-DEV-0226,dev,3,Delayed vaccination,"[""A1a""]","[""A1c""]","[""A1a""]"
ATTR-DEV-0227,dev,3,Delayed vaccination,"[""A2a""]","[""A1c""]","[""A1c""]"
ATTR-DEV-0228,dev,3,Delayed vaccination,"[""A2b""]","[""A2a"",""A2e""]","[""A2a""]"
ATTR-DEV-0229,dev,3,Delayed vaccination,"[""A2a""]","[""A1c""]","[""A1c""]"
ATTR-DEV-0230,dev,3,Delayed vaccination,"[""B1a"",""B3a"",""B6a""]","[""B1a"",""B3a"",""B6a""]","[""B1a"",""B3a"",""B6a""]"
ATTR-DEV-0231,dev,3,Delayed vaccination,"[""D0""]","[""A1c""]","[""D0""]"
ATTR-DEV-0232,dev,3,Delayed vaccination,"[""B7a""]","[""A2a""]","[""B7a""]"
ATTR-DEV-0233,dev,3,Delayed vaccination,"[""B6a""]","[""B6a""]","[""B6a""]"
ATTR-DEV-0234,dev,3,Delayed vaccination,"[""C2a"",""C4a""]","[""C2a"",""C4a""]","[""C2a"",""C4a""]"
ATTR-DEV-0235,dev,3,Delayed vaccination,"[""A1a"",""A1c"",""C2a""]","[""A1a"",""B6a"",""C2a""]","[""A1a"",""B6a"",""C2a""]"
ATTR-DEV-0236,dev,3,Delayed vaccination,"[""A2a""]","[""A1c""]","[""A1c""]"
ATTR-DEV-0237,dev,3,Delayed vaccination,"[""A1c""]","[""A2c"",""A3b"",""B1a""]","[""A1c""]"
ATTR-DEV-0238,dev,3,Delayed vaccination,"[""B1c""]","[""B1c""]","[""B1c""]"
ATTR-DEV-0239,dev,3,Delayed vaccination,"[""B7a""]","[""B7a""]","[""B7a""]"
ATTR-DEV-0240,dev,3,Delayed vaccination,"[""A1c"",""C2a""]","[""A2a"",""C2a""]","[""A2a"",""C2a""]"
ATTR-DEV-0241,dev,3,Delayed vaccination,"[""A2a""]","[""A1c""]","[""A1c""]"
ATTR-DEV-0242,dev,3,Delayed vaccination,"[""A1a""]","[""A1c""]","[""A1a""]"
ATTR-DEV-0243,dev,3,Delayed vaccination,"[""A3c""]","[""A3c""]","[""A3c""]"
ATTR-DEV-0244,dev,3,Delayed vaccination,"[""A2a""]","[""A1c""]","[""A1c""]"
ATTR-DEV-0245,dev,3,Delayed vaccination,"[""B4a""]","[""B4a""]","[""B4a""]"
ATTR-DEV-0246,dev,3,Delayed vaccination,"[""A1c""]","[""A3a""]","[""A3a""]"
ATTR-DEV-0247,dev,3,Delayed vaccination,"[""B6a"",""C1d""]","[""B6a""]","[""B6a"",""C1d""]"
ATTR-DEV-0248,dev,3,Delayed vaccination,"[""A1c""]","[""A1c""]","[""A1c""]"
ATTR-DEV-0249,dev,3,Delayed vaccination,"[""A1c""]","[""A2a""]","[""A2a""]"
ATTR-DEV-0250,dev,3,Delayed vaccination,"[""C2a"",""C2b""]","[""C2a"",""C2b""]","[""C2a"",""C2b""]"
ATTR-DEV-0251,dev,3,Delayed vaccination,"[""C1d""]","[""C1d""]","[""C1d""]"
ATTR-DEV-0252,dev,3,Delayed vaccination,"[""C1d""]","[""C1d""]","[""C1d""]"
ATTR-DEV-0253,dev,3,Delayed vaccination,"[""A2a""]","[""C1a""]","[""C1a""]"
ATTR-DEV-0254,dev,3,Delayed vaccination,"[""B5a"",""C2a""]","[""B5a"",""C2a""]","[""B5a"",""C2a""]"
ATTR-DEV-0255,dev,3,Delayed vaccination,"[""A1c"",""A2a""]","[""B6a"",""C2b""]","[""B6a"",""C2b""]"
ATTR-DEV-0256,dev,3,Delayed vaccination,"[""B1c""]","[""B1c"",""B7a""]","[""B1c""]"
ATTR-DEV-0257,dev,3,Delayed vaccination,"[""A2a""]","[""A1c""]","[""A2a""]"
ATTR-DEV-0258,dev,3,Delayed vaccination,"[""A2a""]","[""A2a""]","[""A2a""]"
ATTR-DEV-0259,dev,3,Delayed vaccination,"[""A2a""]","[""A1c""]","[""A2a""]"
ATTR-DEV-0260,dev,3,Delayed vaccination,"[""A2a""]","[""A2a""]","[""A2a""]"
ATTR-DEV-0261,dev,3,Delayed vaccination,"[""A1b""]","[""A1b"",""A1c""]","[""A1c""]"
ATTR-DEV-0262,dev,3,Delayed vaccination,"[""D0""]","[""A2a""]","[""D0""]"
ATTR-DEV-0263,dev,3,Delayed vaccination,"[""A1c""]","[""A1c""]","[""A1c""]"
ATTR-DEV-0264,dev,3,Delayed vaccination,"[""A2a"",""B5a""]","[""A1c"",""B6a""]","[""A2a"",""B5a""]"
ATTR-DEV-0265,dev,3,Delayed vaccination,"[""A2a""]","[""A2a""]","[""A2a""]"
ATTR-DEV-0266,dev,3,Delayed vaccination,"[""B6a""]","[""B6a""]","[""B6a""]"
ATTR-DEV-0267,dev,3,Delayed vaccination,"[""A3d""]","[""A3d""]","[""A3d""]"
ATTR-DEV-0268,dev,3,Delayed vaccination,"[""A1c""]","[""A2a""]","[""A1c""]"
ATTR-DEV-0269,dev,3,Delayed vaccination,"[""A1c""]","[""A2a""]","[""A1c""]"
ATTR-DEV-0270,dev,3,Delayed vaccination,"[""A1c"",""A2c""]","[""A2c"",""B6a""]","[""A2c"",""B6a""]"
ATTR-DEV-0271,dev,3,Delayed vaccination,"[""A2a""]","[""A2a""]","[""A2a""]"
ATTR-DEV-0272,dev,3,Delayed vaccination,"[""A1c""]","[""A1c""]","[""A1c""]"
ATTR-DEV-0273,dev,3,Delayed vaccination,"[""A1c"",""A1d""]","[""A1c"",""A1a""]","[""A1c""]"
ATTR-DEV-0274,dev,3,Delayed vaccination,"[""A3d""]","[""A3d""]","[""A3d""]"
ATTR-DEV-0275,dev,3,Delayed vaccination,"[""A2a""]","[""A1c""]","[""A2a""]"
ATTR-DEV-0276,dev,3,Delayed vaccination,"[""B6a""]","[""B6a""]","[""B6a""]"
ATTR-DEV-0277,dev,3,Delayed vaccination,"[""A1a"",""B6a"",""C4b""]","[""A1a"",""B6a"",""C4b""]","[""A1a"",""B6a"",""C4b""]"
ATTR-DEV-0278,dev,3,Delayed vaccination,"[""B4b""]","[""B4b""]","[""B4b""]"
ATTR-DEV-0279,dev,3,Delayed vaccination,"[""C2a""]","[""C1c"",""C2a""]","[""C2a""]"
ATTR-DEV-0280,dev,3,Delayed vaccination,"[""A2a""]","[""A2a""]","[""A2a""]"
ATTR-DEV-0281,dev,3,Delayed vaccination,"[""A1a"",""B6a""]","[""A1a"",""A1c""]","[""A1a"",""B6a""]"
ATTR-DEV-0282,dev,3,Delayed vaccination,"[""A2a""]","[""A1c""]","[""A1c""]"
ATTR-DEV-0283,dev,3,Delayed vaccination,"[""B6a""]","[""B2a"",""B4a"",""B6a""]","[""B6a""]"
ATTR-DEV-0284,dev,3,Delayed vaccination,"[""A2a""]","[""A2a""]","[""A2a""]"
ATTR-DEV-0285,dev,3,Delayed vaccination,"[""C1d""]","[""B7a"",""C1b""]","[""B7a""]"
ATTR-DEV-0286,dev,3,Delayed vaccination,"[""A1c""]","[""A1c""]","[""A1c""]"
ATTR-DEV-0287,dev,3,Delayed vaccination,"[""A2a""]","[""A2a""]","[""A2a""]"
ATTR-DEV-0288,dev,3,Delayed vaccination,"[""A1c""]","[""A1c""]","[""A1c""]"
ATTR-DEV-0289,dev,3,Delayed vaccination,"[""A2a""]","[""A1c""]","[""A2a""]"
ATTR-DEV-0290,dev,3,Delayed vaccination,"[""A2a""]","[""A2a""]","[""A2a""]"
ATTR-DEV-0291,dev,3,Delayed vaccination,"[""A3d""]","[""A3d""]","[""A3d""]"
ATTR-DEV-0292,dev,3,Delayed vaccination,"[""A1c"",""B6a""]","[""A1c"",""B6a""]","[""A1c"",""B6a""]"
ATTR-DEV-0293,dev,3,Delayed vaccination,"[""A3d""]","[""A3d""]","[""A3d""]"
ATTR-DEV-0294,dev,3,Delayed vaccination,"[""A3d""]","[""A3d""]","[""A3d""]"
ATTR-DEV-0295,dev,3,Delayed vaccination,"[""A2a""]","[""C1d""]","[""C1d""]"
ATTR-DEV-0296,dev,3,Delayed vaccination,"[""A3d""]","[""B6a""]","[""A3d""]"
ATTR-DEV-0297,dev,3,Delayed vaccination,"[""A2c"",""B6a""]","[""A1c"",""A2c""]","[""A2c"",""B6a""]"
ATTR-DEV-0298,dev,3,Delayed vaccination,"[""A2a""]","[""A2a""]","[""A2a""]"
ATTR-DEV-0299,dev,3,Delayed vaccination,"[""B6a""]","[""A2a""]","[""A2a""]"
ATTR-DEV-0300,dev,3,Delayed vaccination,"[""A2a""]","[""B6a""]","[""B6a""]"
ATTR-DEV-0301,dev,3,Delayed vaccination,"[""A1c""]","[""A1a""]","[""A1a""]"
ATTR-DEV-0302,dev,3,Delayed vaccination,"[""A2a""]","[""A1c""]","[""A1c""]"
ATTR-DEV-0303,dev,3,Delayed vaccination,"[""A2a"",""A2e""]","[""B6a""]","[""A2a"",""B6a""]"
ATTR-DEV-0304,dev,3,Delayed vaccination,"[""A1a"",""A2a"",""C4c""]","[""A2a""]","[""A1a"",""A2a"",""C4c""]"
ATTR-DEV-0305,dev,3,Delayed vaccination,"[""B6a""]","[""B6a""]","[""B6a""]"
ATTR-DEV-0306,dev,3,Delayed vaccination,"[""C1d""]","[""C1d""]","[""C1d""]"
ATTR-DEV-0307,dev,3,Delayed vaccination,"[""B4a"",""C1c""]","[""B4a"",""C1c""]","[""B4a"",""C1c""]"
ATTR-DEV-0308,dev,3,Delayed vaccination,"[""C3a"",""C3b""]","[""C3a"",""C3b""]","[""C3a"",""C3b""]"
ATTR-DEV-0309,dev,3,Delayed vaccination,"[""A2a""]","[""C4b""]","[""C4b""]"
ATTR-DEV-0310,dev,3,Delayed vaccination,"[""A2a""]","[""B6a""]","[""B6a""]"
ATTR-DEV-0311,dev,3,Delayed vaccination,"[""A1c""]","[""B6a""]","[""B6a""]"
ATTR-DEV-0312,dev,3,Delayed vaccination,"[""C3a""]","[""B6a""]","[""C3a""]"
ATTR-DEV-0313,dev,3,Delayed vaccination,"[""A1c"",""C4b""]","[""A1c"",""C4b""]","[""A1c"",""C4b""]"
ATTR-DEV-0314,dev,3,Delayed vaccination,"[""B6a""]","[""A1c""]","[""A1c""]"
ATTR-DEV-0315,dev,3,Delayed vaccination,"[""A3d"",""B7a""]","[""B6a"",""C4b""]","[""D0""]"
ATTR-DEV-0316,dev,3,Delayed vaccination,"[""A2a""]","[""A2a""]","[""A2a""]"
ATTR-DEV-0317,dev,3,Delayed vaccination,"[""A1c""]","[""A1c""]","[""A1c""]"
ATTR-DEV-0318,dev,3,Delayed vaccination,"[""D0""]","[""D0""]","[""D0""]"
ATTR-DEV-0319,dev,3,Delayed vaccination,"[""B6a""]","[""B6a""]","[""B6a""]"
ATTR-DEV-0320,dev,3,Delayed vaccination,"[""A1c""]","[""C3f""]","[""C3f""]"
ATTR-DEV-0321,dev,3,Delayed vaccination,"[""A2a""]","[""A1c""]","[""A1c""]"
ATTR-DEV-0322,dev,3,Delayed vaccination,"[""A2a""]","[""A2a""]","[""A2a""]"
ATTR-DEV-0323,dev,3,Delayed vaccination,"[""A2a""]","[""B6a""]","[""A2a""]"
ATTR-DEV-0324,dev,3,Delayed vaccination,"[""B6a""]","[""A1c""]","[""B6a""]"
ATTR-DEV-0325,dev,3,Delayed vaccination,"[""B6a""]","[""B6a""]","[""B6a""]"
ATTR-DEV-0326,dev,3,Delayed vaccination,"[""A1c""]","[""A1c""]","[""A1c""]"
ATTR-DEV-0327,dev,3,Delayed vaccination,"[""A2a""]","[""A1a""]","[""A1a""]"
ATTR-DEV-0328,dev,3,Delayed vaccination,"[""A2c""]","[""A2c""]","[""A2c""]"
ATTR-DEV-0329,dev,3,Delayed vaccination,"[""A1c""]","[""B6a""]","[""B6a""]"
ATTR-DEV-0330,dev,3,Delayed vaccination,"[""B6a""]","[""A2a""]","[""B6a""]"
ATTR-DEV-0331,dev,3,Delayed vaccination,"[""A3d""]","[""B6a""]","[""A3d""]"
ATTR-DEV-0332,dev,3,Delayed vaccination,"[""A1c""]","[""B6a""]","[""A1c""]"
ATTR-DEV-0333,dev,3,Delayed vaccination,"[""A2a""]","[""A1c""]","[""A2a""]"
ATTR-DEV-0334,dev,3,Delayed vaccination,"[""B6a""]","[""B6a""]","[""B6a""]"
ATTR-DEV-0335,dev,3,Delayed vaccination,"[""A2a""]","[""A2a""]","[""A2a""]"
ATTR-DEV-0336,dev,3,Delayed vaccination,"[""D0""]","[""A2a""]","[""D0""]"
ATTR-DEV-0337,dev,3,Delayed vaccination,"[""A2a""]","[""A2a""]","[""A2a""]"
ATTR-DEV-0338,dev,3,Delayed vaccination,"[""B6a"",""C4a""]","[""C1d"",""C4a""]","[""C1d"",""C4a""]"
ATTR-DEV-0339,dev,3,Delayed vaccination,"[""A1c""]","[""A1c""]","[""A1c""]"
ATTR-DEV-0340,dev,3,Delayed vaccination,"[""A1c"",""A3e"",""B1a""]","[""A3d"",""A3e"",""B1a""]","[""A3d"",""A3e"",""B1a""]"
ATTR-DEV-0341,dev,3,Delayed vaccination,"[""B6a""]","[""A2a""]","[""A2a""]"
ATTR-DEV-0342,dev,3,Delayed vaccination,"[""A3d"",""B6a""]","[""A3d"",""B6a""]","[""A3d"",""B6a""]"
ATTR-DEV-0343,dev,3,Delayed vaccination,"[""A2a""]","[""B6a""]","[""B6a""]"
ATTR-DEV-0344,dev,3,Delayed vaccination,"[""B7a""]","[""A1c""]","[""B7a""]"
ATTR-DEV-0345,dev,3,Delayed vaccination,"[""B7a""]","[""B7a""]","[""B7a""]"
ATTR-DEV-0346,dev,3,Delayed vaccination,"[""B1b"",""B6a""]","[""A2a"",""B1b""]","[""B1b"",""B6a""]"
ATTR-DEV-0347,dev,3,Delayed vaccination,"[""B6a""]","[""A2a""]","[""A2a""]"
ATTR-DEV-0348,dev,3,Delayed vaccination,"[""A2d"",""B6a""]","[""A2d"",""B6a""]","[""A2d"",""B6a""]"
ATTR-DEV-0349,dev,3,Delayed vaccination,"[""A2d"",""B3a""]","[""A2d"",""B3a""]","[""A2d"",""B3a""]"
ATTR-DEV-0350,dev,3,Delayed vaccination,"[""D0""]","[""D0""]","[""D0""]"
ATTR-DEV-0351,dev,3,Delayed vaccination,"[""B6a""]","[""B6a""]","[""B6a""]"
ATTR-DEV-0352,dev,3,Delayed vaccination,"[""A3d""]","[""A1c""]","[""A3d""]"
ATTR-DEV-0353,dev,3,Delayed vaccination,"[""A2a""]","[""B7a""]","[""B7a""]"
ATTR-DEV-0354,dev,3,Delayed vaccination,"[""A1c"",""A2d""]","[""A2d"",""B6a""]","[""A2d"",""B6a""]"
ATTR-DEV-0355,dev,3,Delayed vaccination,"[""A2a""]","[""B6a""]","[""B6a""]"
ATTR-DEV-0356,dev,3,Delayed vaccination,"[""A1a""]","[""A1a""]","[""A1a""]"
ATTR-DEV-0357,dev,3,Delayed vaccination,"[""A1c"",""B5a""]","[""A1c"",""C3f""]","[""A1c"",""B5a""]"
ATTR-DEV-0358,dev,3,Delayed vaccination,"[""A2a""]","[""A2a""]","[""A2a""]"
ATTR-DEV-0359,dev,3,Delayed vaccination,"[""C1d""]","[""C1d""]","[""C1d""]"
ATTR-DEV-0360,dev,3,Delayed vaccination,"[""C1c""]","[""B6a""]","[""C1c""]"
ATTR-DEV-0361,dev,3,Delayed vaccination,"[""B6a""]","[""A1c""]","[""A1c""]"
ATTR-DEV-0362,dev,3,Delayed vaccination,"[""A1c""]","[""A2a""]","[""A2a""]"
ATTR-DEV-0363,dev,3,Delayed vaccination,"[""A1c""]","[""A1c""]","[""A1c""]"
ATTR-DEV-0364,dev,3,Delayed vaccination,"[""A1c""]","[""B7a""]","[""B7a""]"
ATTR-DEV-0365,dev,3,Delayed vaccination,"[""A2d""]","[""A2a""]","[""A2d""]"
ATTR-DEV-0366,dev,3,Delayed vaccination,"[""A1c""]","[""B6a""]","[""A1c""]"
ATTR-DEV-0367,dev,3,Delayed vaccination,"[""A1c""]","[""A3d""]","[""A3d""]"
ATTR-DEV-0368,dev,3,Delayed vaccination,"[""B6a""]","[""A2a""]","[""A2a""]"
ATTR-DEV-0369,dev,3,Delayed vaccination,"[""B3a"",""C4c""]","[""B3a"",""C4d""]","[""B3a"",""C4c""]"
ATTR-DEV-0370,dev,3,Delayed vaccination,"[""A2e""]","[""A2d"",""A2e""]","[""A2e""]"
ATTR-DEV-0371,dev,3,Delayed vaccination,"[""A3d""]","[""A3d""]","[""A3d""]"
ATTR-DEV-0372,dev,3,Delayed vaccination,"[""B5a""]","[""B5a""]","[""B5a""]"
ATTR-DEV-0373,dev,3,Delayed vaccination,"[""B6a""]","[""A2a""]","[""A2a""]"
ATTR-DEV-0374,dev,3,Delayed vaccination,"[""A2a""]","[""A1c""]","[""A1c""]"
ATTR-DEV-0375,dev,3,Delayed vaccination,"[""A1c""]","[""A2a""]","[""A2a""]"
ATTR-DEV-0376,dev,3,Delayed vaccination,"[""A2a""]","[""B6a""]","[""A2a""]"
ATTR-DEV-0377,dev,3,Delayed vaccination,"[""A2a""]","[""A2a""]","[""A2a""]"
ATTR-DEV-0378,dev,4,Vaccine refusal,"[""A1b"",""C3b""]","[""A1b"",""C3b""]","[""A1b"",""C3b""]"
ATTR-DEV-0379,dev,4,Vaccine refusal,"[""A2a"",""C4c""]","[""A1b"",""C4c""]","[""A1b"",""C4c""]"
ATTR-DEV-0380,dev,4,Vaccine refusal,"[""A1c""]","[""B5b""]","[""B5b""]"
ATTR-DEV-0381,dev,4,Vaccine refusal,"[""A2a"",""A2c"",""A2d""]","[""A2e""]","[""A2a""]"
ATTR-DEV-0382,dev,4,Vaccine refusal,"[""A2a""]","[""A2a""]","[""A2a""]"
ATTR-DEV-0383,dev,4,Vaccine refusal,"[""B1a"",""B1b"",""B1c""]","[""B1a"",""B1b"",""B1c""]","[""B1a"",""B1b"",""B1c""]"
ATTR-DEV-0384,dev,4,Vaccine refusal,"[""C3f""]","[""C3f""]","[""C3f""]"
ATTR-DEV-0385,dev,4,Vaccine refusal,"[""A2c"",""B2b""]","[""A2c"",""B2b""]","[""A2c"",""B2b""]"
ATTR-DEV-0386,dev,4,Vaccine refusal,"[""A1c"",""B5a""]","[""A1c"",""B5a""]","[""A1c"",""B5a""]"
ATTR-DEV-0387,dev,4,Vaccine refusal,"[""A3b""]","[""A2a""]","[""A3b""]"
ATTR-DEV-0388,dev,4,Vaccine refusal,"[""A2a""]","[""A1a""]","[""A1a""]"
ATTR-DEV-0389,dev,4,Vaccine refusal,"[""A1a""]","[""B6a""]","[""A1a""]"
ATTR-DEV-0390,dev,4,Vaccine refusal,"[""A1c""]","[""A1c""]","[""A1c""]"
ATTR-DEV-0391,dev,4,Vaccine refusal,"[""A1a"",""C3b""]","[""C3b""]","[""A1a"",""C3b""]"
ATTR-DEV-0392,dev,4,Vaccine refusal,"[""A1a""]","[""A3d""]","[""A1a""]"
ATTR-DEV-0393,dev,4,Vaccine refusal,"[""B6a""]","[""A1c""]","[""A1c""]"
ATTR-DEV-0394,dev,4,Vaccine refusal,"[""A1c""]","[""A3a""]","[""A3a""]"
ATTR-DEV-0395,dev,4,Vaccine refusal,"[""A1a"",""C4d""]","[""A1a"",""C4d""]","[""A1a"",""C4d""]"
ATTR-DEV-0396,dev,4,Vaccine refusal,"[""A1c""]","[""A1c"",""A1a""]","[""A1a""]"
ATTR-DEV-0397,dev,4,Vaccine refusal,"[""A2a"",""C2a""]","[""A1d"",""A2a""]","[""A2a"",""C2a""]"
ATTR-DEV-0398,dev,4,Vaccine refusal,"[""A2a""]","[""B1c""]","[""A2a"",""B1c""]"
ATTR-DEV-0399,dev,4,Vaccine refusal,"[""A2a""]","[""A1a"",""A2a"",""A3e""]","[""A2a""]"
ATTR-DEV-0400,dev,4,Vaccine refusal,"[""A1c""]","[""A2a""]","[""A1c"",""A2a""]"
ATTR-DEV-0401,dev,4,Vaccine refusal,"[""B5a"",""C2a""]","[""B5a"",""C2a""]","[""B5a"",""C2a""]"
ATTR-DEV-0402,dev,4,Vaccine refusal,"[""A2a""]","[""A2a""]","[""A2a""]"
ATTR-DEV-0403,dev,4,Vaccine refusal,"[""A2a""]","[""A2a""]","[""A2a""]"
ATTR-DEV-0404,dev,4,Vaccine refusal,"[""B1c"",""C3c""]","[""B1c"",""C3c""]","[""B1c"",""C3c""]"
ATTR-DEV-0405,dev,4,Vaccine refusal,"[""A2a""]","[""B5a""]","[""B5a""]"
ATTR-DEV-0406,dev,4,Vaccine refusal,"[""B1b"",""B2b""]","[""B1b"",""B2b""]","[""B1b"",""B2b""]"
ATTR-DEV-0407,dev,4,Vaccine refusal,"[""A2a""]","[""A2a""]","[""A2a""]"
ATTR-DEV-0408,dev,4,Vaccine refusal,"[""B5a"",""C2a""]","[""B5a"",""C2a""]","[""B5a"",""C2a""]"
ATTR-DEV-0409,dev,4,Vaccine refusal,"[""A3d""]","[""A3d""]","[""A3d""]"
ATTR-DEV-0410,dev,4,Vaccine refusal,"[""C2b""]","[""A2a""]","[""C2b""]"
ATTR-DEV-0411,dev,4,Vaccine refusal,"[""A1a"",""C4d""]","[""A1a"",""C4d""]","[""A1a"",""C4d""]"
ATTR-DEV-0412,dev,4,Vaccine refusal,"[""A1c"",""A2a""]","[""A3d"",""C1c""]","[""A1c"",""A2a""]"
ATTR-DEV-0413,dev,4,Vaccine refusal,"[""D0""]","[""A1c""]","[""D0""]"
ATTR-DEV-0414,dev,4,Vaccine refusal,"[""A1a"",""A3c""]","[""A1a"",""A3e""]","[""A1a"",""A3c""]"
ATTR-DEV-0415,dev,4,Vaccine refusal,"[""A1b""]","[""A1c""]","[""A1b"",""A1c""]"
ATTR-DEV-0416,dev,4,Vaccine refusal,"[""A1c"",""A3d""]","[""A2e"",""C3c""]","[""A2e"",""C3c""]"
ATTR-DEV-0417,dev,4,Vaccine refusal,"[""B5b""]","[""B5b""]","[""B5b""]"
ATTR-DEV-0418,dev,4,Vaccine refusal,"[""A2a""]","[""A1c"",""A2b"",""A3a""]","[""A2a""]"
ATTR-DEV-0419,dev,4,Vaccine refusal,"[""A1a"",""C4b""]","[""A2a"",""C4b""]","[""A2a"",""C4b""]"
ATTR-DEV-0420,dev,4,Vaccine refusal,"[""A1b""]","[""A2a""]","[""A1b""]"
ATTR-DEV-0421,dev,4,Vaccine refusal,"[""C1c""]","[""A1a""]","[""A1a""]"
ATTR-DEV-0422,dev,4,Vaccine refusal,"[""A1a"",""A2a"",""B3a""]","[""A1a"",""A2a"",""B3a""]","[""A1a"",""A2a"",""B3a""]"
ATTR-DEV-0423,dev,4,Vaccine refusal,"[""A3d""]","[""B1a""]","[""B1a""]"
ATTR-DEV-0424,dev,4,Vaccine refusal,"[""A1c""]","[""A1c""]","[""A1c""]"
ATTR-DEV-0425,dev,4,Vaccine refusal,"[""A1a""]","[""A1a""]","[""A1a""]"
ATTR-DEV-0426,dev,4,Vaccine refusal,"[""B6a"",""C3a"",""C3f""]","[""B5a"",""C3a"",""C3f""]","[""B5a"",""C3a"",""C3f""]"
ATTR-DEV-0427,dev,4,Vaccine refusal,"[""B2b"",""C4b""]","[""B2b"",""C4b""]","[""B2b"",""C4b""]"
ATTR-DEV-0428,dev,4,Vaccine refusal,"[""A1c"",""A2a"",""B7a""]","[""A1a"",""A1c"",""B7a""]","[""A1c"",""A2a"",""B7a""]"
ATTR-DEV-0429,dev,4,Vaccine refusal,"[""C3c""]","[""C3c""]","[""C3c""]"
ATTR-DEV-0430,dev,4,Vaccine refusal,"[""A1c""]","[""A1c""]","[""A1c""]"
ATTR-DEV-0431,dev,4,Vaccine refusal,"[""A3d"",""B1b""]","[""A3d"",""B1b""]","[""A3d"",""B1b""]"
ATTR-DEV-0432,dev,4,Vaccine refusal,"[""A3c"",""C3a""]","[""A3c"",""C3a""]","[""A3c"",""C3a""]"
ATTR-DEV-0433,dev,4,Vaccine refusal,"[""A1c""]","[""B4a""]","[""B4a""]"
ATTR-DEV-0434,dev,4,Vaccine refusal,"[""A2a""]","[""A2a""]","[""A2a""]"
ATTR-DEV-0435,dev,4,Vaccine refusal,"[""A2a"",""B6a""]","[""A2a"",""B6a""]","[""A2a"",""B6a""]"
ATTR-DEV-0436,dev,4,Vaccine refusal,"[""A1c""]","[""A1c""]","[""A1c""]"
ATTR-DEV-0437,dev,4,Vaccine refusal,"[""A1a""]","[""A1a""]","[""A1a""]"
ATTR-DEV-0438,dev,4,Vaccine refusal,"[""A2a""]","[""A1a""]","[""A1a""]"
ATTR-DEV-0439,dev,4,Vaccine refusal,"[""A1c"",""C4c""]","[""A1c"",""C4c""]","[""A1c"",""C4c""]"
ATTR-DEV-0440,dev,4,Vaccine refusal,"[""B5b""]","[""B1a"",""B1c"",""B2d""]","[""B5b""]"
ATTR-DEV-0441,dev,4,Vaccine refusal,"[""B2c"",""B6a"",""C4d""]","[""A2a"",""B2c"",""C4d""]","[""A2a"",""B2c"",""C4d""]"
ATTR-DEV-0442,dev,4,Vaccine refusal,"[""A1c""]","[""C3f""]","[""C3f""]"
ATTR-DEV-0443,dev,4,Vaccine refusal,"[""A2a"",""B4a""]","[""A1a"",""B4a""]","[""A2a"",""B4a""]"
ATTR-DEV-0444,dev,4,Vaccine refusal,"[""A1b""]","[""A2a""]","[""A1b""]"
ATTR-DEV-0445,dev,4,Vaccine refusal,"[""B2c""]","[""B2c""]","[""B2c""]"
ATTR-DEV-0446,dev,4,Vaccine refusal,"[""B5a""]","[""B5a""]","[""B5a""]"
ATTR-DEV-0447,dev,4,Vaccine refusal,"[""B5b""]","[""C1c""]","[""B5b""]"
ATTR-DEV-0448,dev,4,Vaccine refusal,"[""B1a"",""B5a"",""C3a""]","[""B1a"",""B5a"",""C3a""]","[""B1a"",""B5a"",""C3a""]"
ATTR-DEV-0449,dev,4,Vaccine refusal,"[""B5b""]","[""B5b""]","[""B5b""]"
ATTR-DEV-0450,dev,4,Vaccine refusal,"[""A1b"",""A2a"",""B1c""]","[""A1b"",""A2a"",""B1c""]","[""A1b"",""A2a"",""B1c""]"
ATTR-DEV-0451,dev,4,Vaccine refusal,"[""A1a""]","[""A1a""]","[""A1a""]"
ATTR-DEV-0452,dev,3,Delayed vaccination,"[""B1b"",""B4a"",""C2a""]","[""C2a""]","[""B1b"",""B4a"",""C2a""]"
ATTR-DEV-0453,dev,3,Delayed vaccination,"[""A3d""]","[""A1c""]","[""A3d""]"
ATTR-DEV-0454,dev,3,Delayed vaccination,"[""B4a""]","[""A2a""]","[""B4a""]"
ATTR-DEV-0455,dev,3,Delayed vaccination,"[""A2a"",""A2d"",""A2e""]","[""A2a"",""A2b""]","[""A2a""]"
ATTR-DEV-0456,dev,3,Delayed vaccination,"[""B2b""]","[""B2b""]","[""B2b""]"
ATTR-DEV-0457,dev,3,Delayed vaccination,"[""A3d""]","[""A2a""]","[""A2a""]"
ATTR-DEV-0458,dev,3,Delayed vaccination,"[""A2a""]","[""B6a""]","[""A2a""]"
ATTR-DEV-0459,dev,3,Delayed vaccination,"[""B1b""]","[""B1b""]","[""B1b""]"
ATTR-DEV-0460,dev,3,Delayed vaccination,"[""D0""]","[""A1c""]","[""D0""]"
ATTR-DEV-0461,dev,3,Delayed vaccination,"[""A2c""]","[""A2c""]","[""A2c""]"
ATTR-DEV-0462,dev,3,Delayed vaccination,"[""A3d"",""C1d""]","[""A3d"",""C1d""]","[""A3d"",""C1d""]"
ATTR-DEV-0463,dev,3,Delayed vaccination,"[""A1c""]","[""A1c""]","[""A1c""]"
ATTR-DEV-0464,dev,3,Delayed vaccination,"[""A1c""]","[""A1c""]","[""A1c""]"
ATTR-DEV-0465,dev,3,Delayed vaccination,"[""A2a""]","[""A1a""]","[""A2a""]"
ATTR-DEV-0466,dev,3,Delayed vaccination,"[""A3d""]","[""A3d""]","[""A3d""]"
ATTR-DEV-0467,dev,3,Delayed vaccination,"[""A1c""]","[""A1c""]","[""A1c""]"
ATTR-DEV-0468,dev,3,Delayed vaccination,"[""C1c""]","[""A2a""]","[""A2a""]"
ATTR-DEV-0469,dev,3,Delayed vaccination,"[""A2a""]","[""A2a""]","[""A2a""]"
ATTR-DEV-0470,dev,3,Delayed vaccination,"[""C4c""]","[""C4c""]","[""C4c""]"
ATTR-DEV-0471,dev,3,Delayed vaccination,"[""A3d""]","[""A2a""]","[""A3d""]"
ATTR-DEV-0472,dev,3,Delayed vaccination,"[""A3d""]","[""C3a""]","[""C3a""]"
ATTR-DEV-0473,dev,3,Delayed vaccination,"[""A1a"",""B4b""]","[""B4a""]","[""B4b""]"
ATTR-DEV-0474,dev,3,Delayed vaccination,"[""A2a""]","[""A1c""]","[""A1c""]"
ATTR-DEV-0475,dev,3,Delayed vaccination,"[""D0""]","[""D0""]","[""D0""]"
ATTR-DEV-0476,dev,3,Delayed vaccination,"[""A3d""]","[""A3d""]","[""A3d""]"
ATTR-DEV-0477,dev,3,Delayed vaccination,"[""B7a"",""C1d""]","[""C1b"",""C1c""]","[""B7a""]"
ATTR-DEV-0478,dev,3,Delayed vaccination,"[""B5b""]","[""B5b""]","[""B5b""]"
ATTR-DEV-0479,dev,3,Delayed vaccination,"[""A2a""]","[""A2a""]","[""A2a""]"
ATTR-DEV-0480,dev,3,Delayed vaccination,"[""C1c""]","[""A3d""]","[""C1c""]"
ATTR-DEV-0481,dev,3,Delayed vaccination,"[""B6a""]","[""A1c""]","[""A1c""]"
ATTR-DEV-0482,dev,3,Delayed vaccination,"[""A2a""]","[""A2a""]","[""A2a""]"
ATTR-DEV-0483,dev,3,Delayed vaccination,"[""D0""]","[""D0""]","[""D0""]"
ATTR-DEV-0484,dev,3,Delayed vaccination,"[""A1c""]","[""A2a""]","[""A2a""]"
ATTR-DEV-0485,dev,4,Vaccine refusal,"[""B5a"",""B7a""]","[""B5a""]","[""B5b""]"
ATTR-DEV-0486,dev,4,Vaccine refusal,"[""B5b""]","[""B5b""]","[""B5b""]"
ATTR-DEV-0487,dev,4,Vaccine refusal,"[""A2a""]","[""A2a""]","[""A2a""]"
ATTR-DEV-0488,dev,4,Vaccine refusal,"[""A1c""]","[""A1c""]","[""A1c""]"
ATTR-DEV-0489,dev,4,Vaccine refusal,"[""A2a"",""C2a""]","[""A2e"",""C2a""]","[""A2a"",""C2a""]"
ATTR-DEV-0490,dev,4,Vaccine refusal,"[""B6a""]","[""B2a""]","[""B2a""]"
ATTR-DEV-0491,dev,4,Vaccine refusal,"[""B2c"",""B3b""]","[""B2c"",""B3b""]","[""B2c"",""B3b""]"
ATTR-DEV-0492,dev,4,Vaccine refusal,"[""B4a""]","[""B2d"",""B4a""]","[""B4a""]"
ATTR-DEV-0493,dev,4,Vaccine refusal,"[""A1a""]","[""C2a""]","[""C2a""]"
ATTR-DEV-0494,dev,4,Vaccine refusal,"[""A2a""]","[""A2a""]","[""A2a""]"
ATTR-DEV-0495,dev,4,Vaccine refusal,"[""A2a"",""A2c"",""B1b""]","[""A2a"",""A2c"",""B1b""]","[""A2a"",""A2c"",""B1b""]"
ATTR-DEV-0496,dev,4,Vaccine refusal,"[""B1b""]","[""B1b"",""B2d"",""B6a""]","[""B1b""]"
ATTR-DEV-0497,dev,3,Delayed vaccination,"[""A3d""]","[""B6a""]","[""A3d""]"
ATTR-DEV-0498,dev,3,Delayed vaccination,"[""A1c""]","[""A2a""]","[""A1c""]"
ATTR-DEV-0499,dev,3,Delayed vaccination,"[""A2a""]","[""A2a""]","[""A2a""]"
ATTR-DEV-0500,dev,4,Vaccine refusal,"[""A1c"",""A2c""]","[""A2a"",""A2c""]","[""A2a"",""A2c""]"
ATTR-TEST-0001,test,3,Delayed vaccination,"[""A1a""]","[""A2a""]","[""A2a""]"
ATTR-TEST-0002,test,3,Delayed vaccination,"[""C1c""]","[""C1c""]","[""C1c""]"
ATTR-TEST-0003,test,3,Delayed vaccination,"[""A1d"",""C3a""]","[""A1d"",""C3a""]","[""A1d"",""C3a""]"
ATTR-TEST-0004,test,3,Delayed vaccination,"[""A1a"",""B6a"",""C4a""]","[""A1a"",""B6a"",""C4a""]","[""A1a"",""B6a"",""C4a""]"
ATTR-TEST-0005,test,3,Delayed vaccination,"[""C1c"",""C4c""]","[""B6a"",""C4c""]","[""B6a"",""C4c""]"
ATTR-TEST-0006,test,3,Delayed vaccination,"[""C4c""]","[""C4c""]","[""C4c""]"
ATTR-TEST-0007,test,3,Delayed vaccination,"[""A1c""]","[""A1c""]","[""A1c""]"
ATTR-TEST-0008,test,3,Delayed vaccination,"[""C1b"",""C4a""]","[""C1b"",""C4a""]","[""C1b"",""C4a""]"
ATTR-TEST-0009,test,3,Delayed vaccination,"[""A2a""]","[""A2a""]","[""A2a""]"
ATTR-TEST-0010,test,3,Delayed vaccination,"[""B7a"",""C1b""]","[""B7a"",""C1b""]","[""B7a"",""C1b""]"
ATTR-TEST-0011,test,3,Delayed vaccination,"[""A3c"",""B3b"",""C1c""]","[""A3c"",""A3d"",""B3b""]","[""A3c"",""B3b"",""C1c""]"
ATTR-TEST-0012,test,3,Delayed vaccination,"[""C2a""]","[""C2a""]","[""C2a""]"
ATTR-TEST-0013,test,3,Delayed vaccination,"[""B6a""]","[""A1c""]","[""A1c""]"
ATTR-TEST-0014,test,3,Delayed vaccination,"[""A2a""]","[""A1c""]","[""A1c""]"
ATTR-TEST-0015,test,3,Delayed vaccination,"[""A1c""]","[""A2a""]","[""A2a""]"
ATTR-TEST-0016,test,3,Delayed vaccination,"[""B4a""]","[""B4a""]","[""B4a""]"
ATTR-TEST-0017,test,3,Delayed vaccination,"[""D0""]","[""A1a""]","[""D0""]"
ATTR-TEST-0018,test,3,Delayed vaccination,"[""A3a"",""B1b""]","[""A3a"",""B1b""]","[""A3a"",""B1b""]"
ATTR-TEST-0019,test,3,Delayed vaccination,"[""A3d""]","[""A3d""]","[""A3d""]"
ATTR-TEST-0020,test,3,Delayed vaccination,"[""A2d"",""A2c"",""A2e""]","[""A2d"",""A2a""]","[""A2d""]"
ATTR-TEST-0021,test,3,Delayed vaccination,"[""B4a""]","[""B4a""]","[""B4a""]"
ATTR-TEST-0022,test,3,Delayed vaccination,"[""A1c""]","[""B6a""]","[""B6a""]"
ATTR-TEST-0023,test,3,Delayed vaccination,"[""B1c"",""B2d"",""C2a""]","[""B2d""]","[""B1c"",""B2d"",""C2a""]"
ATTR-TEST-0024,test,3,Delayed vaccination,"[""A3d""]","[""A3d""]","[""A3d""]"
ATTR-TEST-0025,test,3,Delayed vaccination,"[""B1b"",""B1c""]","[""B1c"",""B7a""]","[""B1b"",""B1c""]"
ATTR-TEST-0026,test,3,Delayed vaccination,"[""A1a""]","[""A1a""]","[""A1a""]"
ATTR-TEST-0027,test,3,Delayed vaccination,"[""A2a"",""A3d"",""B4a""]","[""A2a"",""A3d"",""B4a""]","[""A2a"",""A3d"",""B4a""]"
ATTR-TEST-0028,test,3,Delayed vaccination,"[""A2a"",""B6a""]","[""A2a"",""B6a""]","[""A2a"",""B6a""]"
ATTR-TEST-0029,test,3,Delayed vaccination,"[""A1a""]","[""D0""]","[""D0""]"
ATTR-TEST-0030,test,3,Delayed vaccination,"[""A1c"",""B6a""]","[""A1c"",""B6a""]","[""A1c"",""B6a""]"
ATTR-TEST-0031,test,3,Delayed vaccination,"[""C2a""]","[""C2a""]","[""C2a""]"
ATTR-TEST-0032,test,3,Delayed vaccination,"[""C1b""]","[""C1b""]","[""C1b""]"
ATTR-TEST-0033,test,3,Delayed vaccination,"[""B6a""]","[""C1c""]","[""B6a""]"
ATTR-TEST-0034,test,3,Delayed vaccination,"[""A1c""]","[""A1c""]","[""A1c""]"
ATTR-TEST-0035,test,3,Delayed vaccination,"[""B6a""]","[""B6a""]","[""B6a""]"
ATTR-TEST-0036,test,3,Delayed vaccination,"[""C3b"",""C3f"",""C4b""]","[""C3b"",""C3f"",""C4b""]","[""C3b"",""C3f"",""C4b""]"
ATTR-TEST-0037,test,3,Delayed vaccination,"[""B6a"",""C4b""]","[""B6a"",""C4b""]","[""B6a"",""C4b""]"
ATTR-TEST-0038,test,3,Delayed vaccination,"[""A1a"",""A2a"",""B6a""]","[""A1a"",""A3d"",""B6a""]","[""A1a"",""A2a"",""B6a""]"
ATTR-TEST-0039,test,3,Delayed vaccination,"[""A2a""]","[""A3e""]","[""A2a""]"
ATTR-TEST-0040,test,3,Delayed vaccination,"[""A3d""]","[""A3b""]","[""A3d""]"
ATTR-TEST-0041,test,3,Delayed vaccination,"[""A1c""]","[""B5b""]","[""A1c""]"
ATTR-TEST-0042,test,3,Delayed vaccination,"[""B3a""]","[""B3a""]","[""B3a""]"
ATTR-TEST-0043,test,3,Delayed vaccination,"[""A2a""]","[""A1a""]","[""A2a""]"
ATTR-TEST-0044,test,3,Delayed vaccination,"[""C1c""]","[""A2a""]","[""A2a""]"
ATTR-TEST-0045,test,3,Delayed vaccination,"[""B3a""]","[""B3a""]","[""B3a""]"
ATTR-TEST-0046,test,3,Delayed vaccination,"[""A1c"",""B6a""]","[""A3d"",""B6a""]","[""A1c"",""B6a""]"
ATTR-TEST-0047,test,3,Delayed vaccination,"[""B3b""]","[""B3b""]","[""B3b""]"
ATTR-TEST-0048,test,3,Delayed vaccination,"[""A3a"",""B6a""]","[""A3a"",""B6a""]","[""A3a"",""B6a""]"
ATTR-TEST-0049,test,3,Delayed vaccination,"[""A2c""]","[""A2c""]","[""A2c""]"
ATTR-TEST-0050,test,3,Delayed vaccination,"[""A2a"",""B2b""]","[""A2a"",""B2b""]","[""A2a"",""B2b""]"
ATTR-TEST-0051,test,3,Delayed vaccination,"[""A3d""]","[""A3d""]","[""A3d""]"
ATTR-TEST-0052,test,3,Delayed vaccination,"[""B2a"",""B2b""]","[""B2a"",""B2b""]","[""B2a"",""B2b""]"
ATTR-TEST-0053,test,3,Delayed vaccination,"[""A3b""]","[""A3b""]","[""A3b""]"
ATTR-TEST-0054,test,3,Delayed vaccination,"[""A3d"",""B6a""]","[""A1c"",""A3d""]","[""A1c"",""A3d""]"
ATTR-TEST-0055,test,3,Delayed vaccination,"[""A3a""]","[""A1c""]","[""A3a""]"
ATTR-TEST-0056,test,3,Delayed vaccination,"[""B6a""]","[""B1a"",""B2a""]","[""B6a""]"
ATTR-TEST-0057,test,3,Delayed vaccination,"[""A2a"",""A2e"",""A2b""]","[""A2c""]","[""A2a""]"
ATTR-TEST-0058,test,3,Delayed vaccination,"[""A1a""]","[""C1d""]","[""C1d""]"
ATTR-TEST-0059,test,3,Delayed vaccination,"[""C1c""]","[""C2a""]","[""C2a""]"
ATTR-TEST-0060,test,3,Delayed vaccination,"[""B6a""]","[""B6a""]","[""B6a""]"
ATTR-TEST-0061,test,3,Delayed vaccination,"[""A3d""]","[""B6a""]","[""B6a""]"
ATTR-TEST-0062,test,3,Delayed vaccination,"[""A1c"",""B6a""]","[""A2a"",""B6a""]","[""A2a"",""B6a""]"
ATTR-TEST-0063,test,4,Vaccine refusal,"[""A1d"",""C3a"",""C3c""]","[""A1d"",""A2a"",""B6a""]","[""A1d"",""C3a"",""C3c""]"
ATTR-TEST-0064,test,4,Vaccine refusal,"[""A2a"",""C4d""]","[""A2a"",""C4d""]","[""A2a"",""C4d""]"
ATTR-TEST-0065,test,4,Vaccine refusal,"[""A2c"",""B2b""]","[""A2c"",""B2b""]","[""A2c"",""B2b""]"
ATTR-TEST-0066,test,4,Vaccine refusal,"[""B1b""]","[""D0""]","[""B1b""]"
ATTR-TEST-0067,test,4,Vaccine refusal,"[""A2e"",""B1b"",""C4d""]","[""A2e"",""B1b"",""C4d""]","[""A2e"",""B1b"",""C4d""]"
ATTR-TEST-0068,test,4,Vaccine refusal,"[""B7a""]","[""A1c""]","[""A1c""]"
ATTR-TEST-0069,test,4,Vaccine refusal,"[""A1c""]","[""A1c""]","[""A1c""]"
ATTR-TEST-0070,test,4,Vaccine refusal,"[""A1b"",""A1d"",""C3a""]","[""A1b"",""C2a"",""C3a""]","[""A1b"",""C2a"",""C3a""]"
ATTR-TEST-0071,test,4,Vaccine refusal,"[""A1c"",""A1d""]","[""A1a"",""A1b""]","[""A1c""]"
ATTR-TEST-0072,test,4,Vaccine refusal,"[""C4c""]","[""C4c""]","[""C4c""]"
ATTR-TEST-0073,test,4,Vaccine refusal,"[""A1c"",""C3e""]","[""C3b""]","[""A1c"",""C3e""]"
ATTR-TEST-0074,test,4,Vaccine refusal,"[""A1c"",""A2a""]","[""A1c"",""A2a""]","[""A1c"",""A2a""]"
ATTR-TEST-0075,test,4,Vaccine refusal,"[""B1c"",""B2c"",""C4a""]","[""B1c"",""B2c"",""C4a""]","[""B1c"",""B2c"",""C4a""]"
ATTR-TEST-0076,test,4,Vaccine refusal,"[""A1c"",""A3c""]","[""A3c"",""B5a""]","[""A3c"",""B5a""]"
ATTR-TEST-0077,test,4,Vaccine refusal,"[""A2a""]","[""C4c""]","[""C4c""]"
ATTR-TEST-0078,test,4,Vaccine refusal,"[""B4a"",""C3f"",""C4b""]","[""B5a"",""C3f"",""C4b""]","[""B4a"",""C3f"",""C4b""]"
ATTR-TEST-0079,test,4,Vaccine refusal,"[""C4d""]","[""C4d""]","[""C4d""]"
ATTR-TEST-0080,test,4,Vaccine refusal,"[""A1c""]","[""A1c""]","[""A1c""]"
ATTR-TEST-0081,test,4,Vaccine refusal,"[""A1c"",""A1d"",""C4d""]","[""A1c"",""A1d"",""C4d""]","[""A1c"",""A1d"",""C4d""]"
ATTR-TEST-0082,test,4,Vaccine refusal,"[""A2a"",""B2c"",""B5a""]","[""B2c"",""B5a"",""C3f""]","[""A2a"",""B2c"",""B5a""]"
ATTR-TEST-0083,test,4,Vaccine refusal,"[""A1c"",""C3d""]","[""A1c"",""C3d""]","[""A1c"",""C3d""]"
ATTR-TEST-0084,test,4,Vaccine refusal,"[""B2d"",""B7a""]","[""B2a"",""B2d""]","[""B2a"",""B2d""]"
ATTR-TEST-0085,test,4,Vaccine refusal,"[""A2a"",""B5a""]","[""A2c"",""B1a""]","[""A2c"",""B1a""]"
ATTR-TEST-0086,test,4,Vaccine refusal,"[""C2a"",""C4c""]","[""C2a"",""C4c""]","[""C2a"",""C4c""]"
ATTR-TEST-0087,test,4,Vaccine refusal,"[""B5a""]","[""B5a""]","[""B5a""]"
ATTR-TEST-0088,test,3,Delayed vaccination,"[""A1c""]","[""C1c""]","[""A1c""]"
ATTR-TEST-0089,test,3,Delayed vaccination,"[""B3a"",""B6a""]","[""B3a"",""B6a""]","[""B3a"",""B6a""]"
ATTR-TEST-0090,test,3,Delayed vaccination,"[""A2a""]","[""A2a""]","[""A2a""]"
ATTR-TEST-0091,test,3,Delayed vaccination,"[""A3d""]","[""A1c""]","[""A1c""]"
ATTR-TEST-0092,test,3,Delayed vaccination,"[""A1c""]","[""B6a""]","[""B6a""]"
ATTR-TEST-0093,test,3,Delayed vaccination,"[""A2e""]","[""A2e""]","[""A2e""]"
ATTR-TEST-0094,test,3,Delayed vaccination,"[""A2a""]","[""B6a""]","[""A2a""]"
ATTR-TEST-0095,test,3,Delayed vaccination,"[""B6a""]","[""B6a""]","[""B6a""]"
ATTR-TEST-0096,test,3,Delayed vaccination,"[""A1c""]","[""A1c""]","[""A1c""]"
ATTR-TEST-0097,test,3,Delayed vaccination,"[""A2a"",""B6a"",""C4c""]","[""A1c"",""B6a"",""C4c""]","[""A1c"",""B6a"",""C4c""]"
ATTR-TEST-0098,test,3,Delayed vaccination,"[""C3f""]","[""C3f""]","[""C3f""]"
ATTR-TEST-0099,test,3,Delayed vaccination,"[""B5a""]","[""B6a""]","[""B6a""]"
ATTR-TEST-0100,test,3,Delayed vaccination,"[""A1c""]","[""A1c""]","[""A1c""]"
ATTR-TEST-0101,test,3,Delayed vaccination,"[""D0""]","[""C1c""]","[""C1c""]"
ATTR-TEST-0102,test,3,Delayed vaccination,"[""A1c""]","[""A1c""]","[""A1c""]"
ATTR-TEST-0103,test,3,Delayed vaccination,"[""B7a""]","[""A2a""]","[""A2a""]"
ATTR-TEST-0104,test,3,Delayed vaccination,"[""B5b""]","[""C1c""]","[""C1c""]"
ATTR-TEST-0105,test,3,Delayed vaccination,"[""A1c""]","[""A1b"",""B1a""]","[""A1c""]"
ATTR-TEST-0106,test,3,Delayed vaccination,"[""A1c""]","[""A1c""]","[""A1c""]"
ATTR-TEST-0107,test,3,Delayed vaccination,"[""C1c""]","[""A3d""]","[""C1c""]"
ATTR-TEST-0108,test,3,Delayed vaccination,"[""A1c""]","[""A1c""]","[""A1c""]"
ATTR-TEST-0109,test,3,Delayed vaccination,"[""A3b"",""B6a"",""C4b""]","[""A3b"",""C1c"",""C4b""]","[""A3b"",""C1c"",""C4b""]"
ATTR-TEST-0110,test,3,Delayed vaccination,"[""A2a""]","[""A1c""]","[""A1c""]"
ATTR-TEST-0111,test,3,Delayed vaccination,"[""B1b"",""B1c""]","[""B1b"",""B1a""]","[""B1b""]"
ATTR-TEST-0112,test,3,Delayed vaccination,"[""A1c""]","[""C2a""]","[""A1c""]"
ATTR-TEST-0113,test,3,Delayed vaccination,"[""B1c""]","[""B5a""]","[""B1c""]"
ATTR-TEST-0114,test,3,Delayed vaccination,"[""C1b"",""C4a""]","[""C1b"",""C4a""]","[""C1b"",""C4a""]"
ATTR-TEST-0115,test,3,Delayed vaccination,"[""A3d""]","[""D0""]","[""A3d""]"
ATTR-TEST-0116,test,3,Delayed vaccination,"[""C4c""]","[""C4c""]","[""C4c""]"
ATTR-TEST-0117,test,3,Delayed vaccination,"[""A1c""]","[""A1c""]","[""A1c""]"
ATTR-TEST-0118,test,3,Delayed vaccination,"[""A3a""]","[""A3a""]","[""A3a""]"
ATTR-TEST-0119,test,3,Delayed vaccination,"[""A3d"",""B7a""]","[""A3d"",""B7a""]","[""A3d"",""B7a""]"
ATTR-TEST-0120,test,3,Delayed vaccination,"[""D0""]","[""D0""]","[""D0""]"
ATTR-TEST-0121,test,3,Delayed vaccination,"[""B7a""]","[""C1c""]","[""C1c""]"
ATTR-TEST-0122,test,3,Delayed vaccination,"[""C1d""]","[""C1d""]","[""C1d""]"
ATTR-TEST-0123,test,3,Delayed vaccination,"[""A1c"",""A1b""]","[""A1d"",""A1a""]","[""A1c""]"
ATTR-TEST-0124,test,3,Delayed vaccination,"[""A1c""]","[""C1c""]","[""A1c""]"
ATTR-TEST-0125,test,3,Delayed vaccination,"[""C1c""]","[""C1c""]","[""C1c""]"
ATTR-TEST-0126,test,3,Delayed vaccination,"[""A1c""]","[""A1c""]","[""A1c""]"
ATTR-TEST-0127,test,3,Delayed vaccination,"[""A3d""]","[""A1c""]","[""A1c""]"
ATTR-TEST-0128,test,3,Delayed vaccination,"[""C1b""]","[""C1b""]","[""C1b""]"
ATTR-TEST-0129,test,3,Delayed vaccination,"[""A2a"",""C4c""]","[""A2a"",""C4c""]","[""A2a"",""C4c""]"
ATTR-TEST-0130,test,3,Delayed vaccination,"[""C1b""]","[""C1b""]","[""C1b""]"
ATTR-TEST-0131,test,3,Delayed vaccination,"[""B6a""]","[""A1c""]","[""B6a""]"
ATTR-TEST-0132,test,3,Delayed vaccination,"[""A1a"",""C3f""]","[""A1a"",""C3f""]","[""A1a"",""C3f""]"
ATTR-TEST-0133,test,3,Delayed vaccination,"[""C1b""]","[""B6a""]","[""C1b""]"
ATTR-TEST-0134,test,3,Delayed vaccination,"[""C1b""]","[""A2a""]","[""C1b""]"
ATTR-TEST-0135,test,3,Delayed vaccination,"[""C1b"",""C3f"",""C4a""]","[""B6a"",""C3f"",""C4a""]","[""B6a"",""C3f"",""C4a""]"
ATTR-TEST-0136,test,3,Delayed vaccination,"[""B6a"",""C1d""]","[""B4a"",""C1d""]","[""B6a"",""C1d""]"
ATTR-TEST-0137,test,3,Delayed vaccination,"[""A2a""]","[""A2a""]","[""A2a""]"
ATTR-TEST-0138,test,3,Delayed vaccination,"[""A1a"",""A1b""]","[""A1c"",""A1d""]","[""A1c""]"
ATTR-TEST-0139,test,3,Delayed vaccination,"[""A2b""]","[""A2b"",""A2a""]","[""A2a""]"
ATTR-TEST-0140,test,3,Delayed vaccination,"[""A1c""]","[""A1c""]","[""A1c""]"
ATTR-TEST-0141,test,3,Delayed vaccination,"[""A1c""]","[""A1c""]","[""A1c""]"
ATTR-TEST-0142,test,3,Delayed vaccination,"[""A1c""]","[""A1c""]","[""A1c""]"
ATTR-TEST-0143,test,3,Delayed vaccination,"[""B4a"",""B7a""]","[""B4a"",""B5a""]","[""B4a"",""B5a""]"
ATTR-TEST-0144,test,3,Delayed vaccination,"[""B5b""]","[""A1c""]","[""A1c""]"
ATTR-TEST-0145,test,3,Delayed vaccination,"[""A1d"",""A3d""]","[""A1d"",""A3d""]","[""A1d"",""A3d""]"
ATTR-TEST-0146,test,3,Delayed vaccination,"[""A2e""]","[""A2e""]","[""A2e""]"
ATTR-TEST-0147,test,3,Delayed vaccination,"[""A3e"",""C1b""]","[""A1a"",""C1c""]","[""A3e"",""C1b""]"
ATTR-TEST-0148,test,3,Delayed vaccination,"[""A2a""]","[""A3d""]","[""A2a""]"
ATTR-TEST-0149,test,3,Delayed vaccination,"[""A2c"",""B2a""]","[""A2c"",""B2a""]","[""A2c"",""B2a""]"
ATTR-TEST-0150,test,3,Delayed vaccination,"[""A2a""]","[""B6a""]","[""A2a""]"
ATTR-TEST-0151,test,3,Delayed vaccination,"[""B3b"",""B6a""]","[""B3b"",""B6a""]","[""B3b"",""B6a""]"
ATTR-TEST-0152,test,3,Delayed vaccination,"[""A2a""]","[""A2a""]","[""A2a""]"
ATTR-TEST-0153,test,3,Delayed vaccination,"[""B6a"",""C4a"",""C4b""]","[""B6a"",""C4c""]","[""B6a""]"
ATTR-TEST-0154,test,3,Delayed vaccination,"[""A2e""]","[""B6a""]","[""B6a""]"
ATTR-TEST-0155,test,3,Delayed vaccination,"[""C1d""]","[""C1d""]","[""C1d""]"
ATTR-TEST-0156,test,3,Delayed vaccination,"[""C1d""]","[""C1b"",""C3f""]","[""C1d""]"
ATTR-TEST-0157,test,3,Delayed vaccination,"[""A1a""]","[""C1d""]","[""A1a""]"
ATTR-TEST-0158,test,3,Delayed vaccination,"[""A3b""]","[""A3b""]","[""A3b""]"
ATTR-TEST-0159,test,3,Delayed vaccination,"[""C2a""]","[""A1c""]","[""A1c""]"
ATTR-TEST-0160,test,3,Delayed vaccination,"[""A3d""]","[""A3d""]","[""A3d""]"
ATTR-TEST-0161,test,3,Delayed vaccination,"[""A3d"",""A3c""]","[""A3e"",""A3a""]","[""A3d""]"
ATTR-TEST-0162,test,3,Delayed vaccination,"[""A2a""]","[""B7a""]","[""A2a""]"
ATTR-TEST-0163,test,3,Delayed vaccination,"[""A1c""]","[""B5b""]","[""A1c""]"
ATTR-TEST-0164,test,3,Delayed vaccination,"[""A2a""]","[""A1a""]","[""A2a""]"
ATTR-TEST-0165,test,3,Delayed vaccination,"[""A3d""]","[""A3d""]","[""A3d""]"
ATTR-TEST-0166,test,3,Delayed vaccination,"[""A2a""]","[""A2a""]","[""A2a""]"
ATTR-TEST-0167,test,3,Delayed vaccination,"[""C3f""]","[""C3f"",""C3b""]","[""C3b""]"
ATTR-TEST-0168,test,3,Delayed vaccination,"[""B6a""]","[""A1c""]","[""A1c""]"
ATTR-TEST-0169,test,3,Delayed vaccination,"[""B3b"",""B6a""]","[""B3b"",""B6a""]","[""B3b"",""B6a""]"
ATTR-TEST-0170,test,3,Delayed vaccination,"[""B4a""]","[""A1c""]","[""B4a""]"
ATTR-TEST-0171,test,3,Delayed vaccination,"[""B7a""]","[""B7a""]","[""B7a""]"
ATTR-TEST-0172,test,3,Delayed vaccination,"[""A1c""]","[""A2a""]","[""A1c""]"
ATTR-TEST-0173,test,3,Delayed vaccination,"[""A1c""]","[""A1c""]","[""A1c""]"
ATTR-TEST-0174,test,3,Delayed vaccination,"[""C1d""]","[""A1b""]","[""C1d""]"
ATTR-TEST-0175,test,3,Delayed vaccination,"[""A1c""]","[""A1c""]","[""A1c""]"
ATTR-TEST-0176,test,3,Delayed vaccination,"[""B7a""]","[""B7a""]","[""B7a""]"
ATTR-TEST-0177,test,3,Delayed vaccination,"[""A2d""]","[""A2d""]","[""A2d""]"
ATTR-TEST-0178,test,3,Delayed vaccination,"[""A2d""]","[""A1c""]","[""A1c""]"
ATTR-TEST-0179,test,3,Delayed vaccination,"[""A1c"",""A1b""]","[""A1c"",""A1d""]","[""A1c""]"
ATTR-TEST-0180,test,3,Delayed vaccination,"[""A2a"",""A2c""]","[""A2d""]","[""A2a""]"
ATTR-TEST-0181,test,3,Delayed vaccination,"[""C2a""]","[""C2a""]","[""C2a""]"
ATTR-TEST-0182,test,3,Delayed vaccination,"[""B5a"",""C1c"",""C2a""]","[""C2a""]","[""B5a"",""C1c"",""C2a""]"
ATTR-TEST-0183,test,3,Delayed vaccination,"[""A2d"",""A2a""]","[""A2d""]","[""A2a""]"
ATTR-TEST-0184,test,3,Delayed vaccination,"[""B6a""]","[""B7a""]","[""B6a""]"
ATTR-TEST-0185,test,3,Delayed vaccination,"[""B5b""]","[""A3d""]","[""A3d""]"
ATTR-TEST-0186,test,3,Delayed vaccination,"[""B1c""]","[""A1a""]","[""B1c""]"
ATTR-TEST-0187,test,3,Delayed vaccination,"[""B7a""]","[""C1c""]","[""B7a""]"
ATTR-TEST-0188,test,3,Delayed vaccination,"[""C1a""]","[""A3d""]","[""C1a""]"
ATTR-TEST-0189,test,3,Delayed vaccination,"[""A3d"",""C1d""]","[""A3d"",""C1d""]","[""A3d"",""C1d""]"
ATTR-TEST-0190,test,3,Delayed vaccination,"[""B5a"",""C1b""]","[""B6a"",""C1b""]","[""B5a"",""C1b""]"
ATTR-TEST-0191,test,3,Delayed vaccination,"[""A1c""]","[""B4a""]","[""B4a""]"
ATTR-TEST-0192,test,3,Delayed vaccination,"[""B6a""]","[""A2a""]","[""B6a""]"
ATTR-TEST-0193,test,3,Delayed vaccination,"[""A3b"",""B6a"",""C4b""]","[""A1b"",""A3b"",""C4b""]","[""A3b"",""B6a"",""C4b""]"
ATTR-TEST-0194,test,3,Delayed vaccination,"[""A2d"",""C4a""]","[""B1b"",""C4a""]","[""A2d"",""C4a""]"
ATTR-TEST-0195,test,3,Delayed vaccination,"[""B6a"",""C4b""]","[""B6a"",""C4b""]","[""B6a"",""C4b""]"
ATTR-TEST-0196,test,3,Delayed vaccination,"[""A2b"",""A2d""]","[""A2b"",""B6a""]","[""A2b"",""B6a""]"
ATTR-TEST-0197,test,3,Delayed vaccination,"[""A2a""]","[""A2a""]","[""A2a""]"
ATTR-TEST-0198,test,3,Delayed vaccination,"[""D0""]","[""D0""]","[""D0""]"
ATTR-TEST-0199,test,3,Delayed vaccination,"[""C1c"",""C4a""]","[""C1c"",""C4a""]","[""C1c"",""C4a""]"
ATTR-TEST-0200,test,3,Delayed vaccination,"[""C1c""]","[""A2e""]","[""C1c""]"
ATTR-TEST-0201,test,3,Delayed vaccination,"[""B2a"",""C1c"",""C4a""]","[""B2a"",""C1b"",""C4a""]","[""B2a"",""C1c"",""C4a""]"
ATTR-TEST-0202,test,3,Delayed vaccination,"[""B7a""]","[""C1d""]","[""B7a""]"
ATTR-TEST-0203,test,3,Delayed vaccination,"[""A1a""]","[""A1a""]","[""A1a""]"
ATTR-TEST-0204,test,3,Delayed vaccination,"[""A3d""]","[""A3d""]","[""A3d""]"
ATTR-TEST-0205,test,3,Delayed vaccination,"[""A1c""]","[""B4a""]","[""A1c""]"
ATTR-TEST-0206,test,3,Delayed vaccination,"[""A3d""]","[""C2a""]","[""A3d""]"
ATTR-TEST-0207,test,3,Delayed vaccination,"[""A2d""]","[""A2d""]","[""A2d""]"
ATTR-TEST-0208,test,3,Delayed vaccination,"[""A2a""]","[""A2a""]","[""A2a""]"
ATTR-TEST-0209,test,3,Delayed vaccination,"[""B5a""]","[""B4a""]","[""B4a""]"
ATTR-TEST-0210,test,3,Delayed vaccination,"[""B6a""]","[""B6a""]","[""B6a""]"
ATTR-TEST-0211,test,3,Delayed vaccination,"[""A2d""]","[""A2d""]","[""A2d""]"
ATTR-TEST-0212,test,3,Delayed vaccination,"[""A2a""]","[""A1c""]","[""A2a""]"
ATTR-TEST-0213,test,3,Delayed vaccination,"[""B5b""]","[""A1c""]","[""A1c""]"
ATTR-TEST-0214,test,3,Delayed vaccination,"[""A1a"",""C1b""]","[""B6a"",""C1b""]","[""B6a"",""C1b""]"
ATTR-TEST-0215,test,3,Delayed vaccination,"[""B3b"",""C1c""]","[""A1a"",""B3b""]","[""A1a"",""B3b""]"
ATTR-TEST-0216,test,3,Delayed vaccination,"[""A3d""]","[""B6a""]","[""B6a""]"
ATTR-TEST-0217,test,3,Delayed vaccination,"[""A1c""]","[""A1c""]","[""A1c""]"
ATTR-TEST-0218,test,3,Delayed vaccination,"[""A3d""]","[""A3d""]","[""A3d""]"
ATTR-TEST-0219,test,3,Delayed vaccination,"[""A1a"",""A1c""]","[""A1a"",""B6a""]","[""A1a"",""B6a""]"
ATTR-TEST-0220,test,3,Delayed vaccination,"[""A3d""]","[""A3d""]","[""A3d""]"
ATTR-TEST-0221,test,3,Delayed vaccination,"[""A2a"",""B6a""]","[""A2c"",""B6a""]","[""A2a"",""B6a""]"
ATTR-TEST-0222,test,3,Delayed vaccination,"[""A1c""]","[""A1c""]","[""A1c""]"
ATTR-TEST-0223,test,3,Delayed vaccination,"[""A2a""]","[""B6a""]","[""A2a""]"
ATTR-TEST-0224,test,3,Delayed vaccination,"[""A3d""]","[""A3d""]","[""A3d""]"
ATTR-TEST-0225,test,3,Delayed vaccination,"[""A2a""]","[""B6a""]","[""B6a""]"
ATTR-TEST-0226,test,3,Delayed vaccination,"[""A3d""]","[""A3d""]","[""A3d""]"
ATTR-TEST-0227,test,3,Delayed vaccination,"[""A2a""]","[""A2a""]","[""A2a""]"
ATTR-TEST-0228,test,3,Delayed vaccination,"[""A1c"",""B6a"",""C2a""]","[""A1c"",""B6a"",""C2a""]","[""A1c"",""B6a"",""C2a""]"
ATTR-TEST-0229,test,3,Delayed vaccination,"[""A2a"",""A2e""]","[""A2a"",""A2b""]","[""A2a""]"
ATTR-TEST-0230,test,3,Delayed vaccination,"[""A1c""]","[""B1b""]","[""A1c""]"
ATTR-TEST-0231,test,3,Delayed vaccination,"[""A1a"",""A2b"",""B6a""]","[""A1a"",""A2b"",""B6a""]","[""A1a"",""A2b"",""B6a""]"
ATTR-TEST-0232,test,3,Delayed vaccination,"[""A1c""]","[""A1c""]","[""A1c""]"
ATTR-TEST-0233,test,3,Delayed vaccination,"[""A1c""]","[""A1c""]","[""A1c""]"
ATTR-TEST-0234,test,3,Delayed vaccination,"[""A1c""]","[""A1c""]","[""A1c""]"
ATTR-TEST-0235,test,3,Delayed vaccination,"[""A2a""]","[""A2e""]","[""A2a""]"
ATTR-TEST-0236,test,3,Delayed vaccination,"[""A2a""]","[""A2a""]","[""A2a""]"
ATTR-TEST-0237,test,3,Delayed vaccination,"[""B2c"",""B6a""]","[""B2c"",""B6a""]","[""B2c"",""B6a""]"
ATTR-TEST-0238,test,3,Delayed vaccination,"[""A1c""]","[""A1c""]","[""A1c""]"
ATTR-TEST-0239,test,3,Delayed vaccination,"[""B4a""]","[""B4a""]","[""B4a""]"
ATTR-TEST-0240,test,3,Delayed vaccination,"[""A1c""]","[""C1b""]","[""A1c""]"
ATTR-TEST-0241,test,3,Delayed vaccination,"[""A1a"",""B6a"",""C2a""]","[""A1a"",""B6a"",""C2a""]","[""A1a"",""B6a"",""C2a""]"
ATTR-TEST-0242,test,3,Delayed vaccination,"[""A1c""]","[""A1c""]","[""A1c""]"
ATTR-TEST-0243,test,3,Delayed vaccination,"[""A1c""]","[""A1c""]","[""A1c""]"
ATTR-TEST-0244,test,3,Delayed vaccination,"[""C1d""]","[""B4a""]","[""C1d""]"
ATTR-TEST-0245,test,3,Delayed vaccination,"[""B1b"",""B6a""]","[""B1b"",""B6a""]","[""B1b"",""B6a""]"
ATTR-TEST-0246,test,3,Delayed vaccination,"[""A1c""]","[""C1d""]","[""A1c""]"
ATTR-TEST-0247,test,3,Delayed vaccination,"[""A2a"",""B6a""]","[""B6a"",""C2a""]","[""A2a"",""B6a""]"
ATTR-TEST-0248,test,3,Delayed vaccination,"[""A2a""]","[""A2a""]","[""A2a""]"
ATTR-TEST-0249,test,3,Delayed vaccination,"[""A2c"",""A3a""]","[""A2c"",""A3a""]","[""A2c"",""A3a""]"
ATTR-TEST-0250,test,3,Delayed vaccination,"[""B5a""]","[""A2e""]","[""A2e""]"
ATTR-TEST-0251,test,3,Delayed vaccination,"[""A2a""]","[""D0""]","[""A2a""]"
ATTR-TEST-0252,test,3,Delayed vaccination,"[""A2a""]","[""A2a""]","[""A2a""]"
ATTR-TEST-0253,test,3,Delayed vaccination,"[""B7a""]","[""A2a""]","[""A2a""]"
ATTR-TEST-0254,test,3,Delayed vaccination,"[""A3d""]","[""B5b""]","[""A3d""]"
ATTR-TEST-0255,test,3,Delayed vaccination,"[""B5a""]","[""B5a""]","[""B5a""]"
ATTR-TEST-0256,test,3,Delayed vaccination,"[""A1c""]","[""A1c""]","[""A1c""]"
ATTR-TEST-0257,test,3,Delayed vaccination,"[""A1a""]","[""A1c""]","[""A1c""]"
ATTR-TEST-0258,test,3,Delayed vaccination,"[""A2a""]","[""C1c""]","[""A2a""]"
ATTR-TEST-0259,test,3,Delayed vaccination,"[""A1c""]","[""A3d""]","[""A1c""]"
ATTR-TEST-0260,test,3,Delayed vaccination,"[""A2a""]","[""A2a""]","[""A2a""]"
ATTR-TEST-0261,test,3,Delayed vaccination,"[""A2b""]","[""A2b""]","[""A2b""]"
ATTR-TEST-0262,test,3,Delayed vaccination,"[""B6a""]","[""C2a""]","[""C2a""]"
ATTR-TEST-0263,test,3,Delayed vaccination,"[""A1c""]","[""A1d""]","[""A1c""]"
ATTR-TEST-0264,test,3,Delayed vaccination,"[""A1c""]","[""B6a""]","[""B6a""]"
ATTR-TEST-0265,test,3,Delayed vaccination,"[""A2b"",""B6a""]","[""A2b"",""B6a""]","[""A2b"",""B6a""]"
ATTR-TEST-0266,test,3,Delayed vaccination,"[""B6a""]","[""B6a""]","[""B6a""]"
ATTR-TEST-0267,test,3,Delayed vaccination,"[""B2a""]","[""C1c""]","[""B2a"",""C1c""]"
ATTR-TEST-0268,test,3,Delayed vaccination,"[""B6a""]","[""B6a""]","[""B6a""]"
ATTR-TEST-0269,test,3,Delayed vaccination,"[""C3a"",""C3c""]","[""B6a"",""C3a""]","[""B6a"",""C3a""]"
ATTR-TEST-0270,test,3,Delayed vaccination,"[""A2c"",""B6a""]","[""A2c"",""B6a""]","[""A2c"",""B6a""]"
ATTR-TEST-0271,test,3,Delayed vaccination,"[""A1c"",""B6a"",""C2a""]","[""B6a"",""C2a"",""C3f""]","[""A1c"",""B6a"",""C2a""]"
ATTR-TEST-0272,test,3,Delayed vaccination,"[""A3d""]","[""A2c""]","[""A3d""]"
ATTR-TEST-0273,test,3,Delayed vaccination,"[""A2a"",""C3c""]","[""A1b"",""A2d""]","[""A2a"",""C3c""]"
ATTR-TEST-0274,test,3,Delayed vaccination,"[""B1b""]","[""B7a""]","[""B7a""]"
ATTR-TEST-0275,test,3,Delayed vaccination,"[""A1d"",""B2c""]","[""A1d"",""B2c""]","[""A1d"",""B2c""]"
ATTR-TEST-0276,test,3,Delayed vaccination,"[""A3d""]","[""A3d""]","[""A3d""]"
ATTR-TEST-0277,test,3,Delayed vaccination,"[""A2a""]","[""A2a""]","[""A2a""]"
ATTR-TEST-0278,test,3,Delayed vaccination,"[""A1a""]","[""A1a""]","[""A1a""]"
ATTR-TEST-0279,test,3,Delayed vaccination,"[""B6a""]","[""B6a""]","[""B6a""]"
ATTR-TEST-0280,test,3,Delayed vaccination,"[""A1c""]","[""A1c""]","[""A1c""]"
ATTR-TEST-0281,test,3,Delayed vaccination,"[""A1c""]","[""A2e""]","[""A1c""]"
ATTR-TEST-0282,test,3,Delayed vaccination,"[""A1b""]","[""A1b""]","[""A1b""]"
ATTR-TEST-0283,test,3,Delayed vaccination,"[""A2c"",""A2a""]","[""A2c""]","[""A2a""]"
ATTR-TEST-0284,test,3,Delayed vaccination,"[""A1c"",""A1b""]","[""A1c"",""A1d""]","[""A1c""]"
ATTR-TEST-0285,test,3,Delayed vaccination,"[""A1c""]","[""A1c""]","[""A1c""]"
ATTR-TEST-0286,test,3,Delayed vaccination,"[""B3a"",""B5a"",""B6a""]","[""A2a"",""B3a"",""B6a""]","[""A2a"",""B3a"",""B6a""]"
ATTR-TEST-0287,test,3,Delayed vaccination,"[""D0""]","[""A3d""]","[""A3d""]"
ATTR-TEST-0288,test,3,Delayed vaccination,"[""C4b""]","[""C4b""]","[""C4b""]"
ATTR-TEST-0289,test,3,Delayed vaccination,"[""A2a""]","[""A2a""]","[""A2a""]"
ATTR-TEST-0290,test,3,Delayed vaccination,"[""A1c"",""B4a""]","[""A1c"",""B4a""]","[""A1c"",""B4a""]"
ATTR-TEST-0291,test,3,Delayed vaccination,"[""A1c""]","[""A1c""]","[""A1c""]"
ATTR-TEST-0292,test,3,Delayed vaccination,"[""A1c""]","[""A1c"",""A3d""]","[""A1c""]"
ATTR-TEST-0293,test,3,Delayed vaccination,"[""A1c"",""A3d""]","[""A1a"",""A3d""]","[""A1c"",""A3d""]"
ATTR-TEST-0294,test,3,Delayed vaccination,"[""B7a""]","[""B7a""]","[""B7a""]"
ATTR-TEST-0295,test,3,Delayed vaccination,"[""D0""]","[""D0""]","[""D0""]"
ATTR-TEST-0296,test,3,Delayed vaccination,"[""B6a""]","[""B6a""]","[""B6a""]"
ATTR-TEST-0297,test,3,Delayed vaccination,"[""C1c""]","[""A3d""]","[""A3d""]"
ATTR-TEST-0298,test,3,Delayed vaccination,"[""A2d"",""A2e""]","[""A3d"",""B6a""]","[""A2d"",""A2e""]"
ATTR-TEST-0299,test,3,Delayed vaccination,"[""B1b"",""B4a"",""B5a""]","[""B1b"",""B4a"",""B5a""]","[""B1b"",""B4a"",""B5a""]"
ATTR-TEST-0300,test,3,Delayed vaccination,"[""A1c""]","[""A1c""]","[""A1c""]"
ATTR-TEST-0301,test,3,Delayed vaccination,"[""A1c""]","[""A1c""]","[""A1c""]"
ATTR-TEST-0302,test,3,Delayed vaccination,"[""A1c""]","[""A1c""]","[""A1c""]"
ATTR-TEST-0303,test,3,Delayed vaccination,"[""C1d""]","[""A1c""]","[""C1d""]"
ATTR-TEST-0304,test,3,Delayed vaccination,"[""A1a"",""B6a"",""C4b""]","[""A1a"",""B6a"",""C4b""]","[""A1a"",""B6a"",""C4b""]"
ATTR-TEST-0305,test,3,Delayed vaccination,"[""A2a""]","[""C3a""]","[""A2a""]"
ATTR-TEST-0306,test,3,Delayed vaccination,"[""A2a""]","[""C4c""]","[""A2a""]"
ATTR-TEST-0307,test,3,Delayed vaccination,"[""A2a""]","[""A2a""]","[""A2a""]"
ATTR-TEST-0308,test,3,Delayed vaccination,"[""B6a""]","[""B6a""]","[""B6a""]"
ATTR-TEST-0309,test,3,Delayed vaccination,"[""A2a""]","[""A2a""]","[""A2a""]"
ATTR-TEST-0310,test,3,Delayed vaccination,"[""D0""]","[""D0""]","[""D0""]"
ATTR-TEST-0311,test,3,Delayed vaccination,"[""A3a"",""A3b""]","[""A3d"",""A3e""]","[""A3d""]"
ATTR-TEST-0312,test,3,Delayed vaccination,"[""B2d"",""C1d""]","[""B2d"",""C1d""]","[""B2d"",""C1d""]"
ATTR-TEST-0313,test,3,Delayed vaccination,"[""A2a"",""B6a""]","[""A2a"",""B6a""]","[""A2a"",""B6a""]"
ATTR-TEST-0314,test,3,Delayed vaccination,"[""B6a""]","[""B6a""]","[""B6a""]"
ATTR-TEST-0315,test,3,Delayed vaccination,"[""A2a"",""B6a""]","[""A2a"",""B6a""]","[""A2a"",""B6a""]"
ATTR-TEST-0316,test,3,Delayed vaccination,"[""A2a""]","[""A2a""]","[""A2a""]"
ATTR-TEST-0317,test,3,Delayed vaccination,"[""B1c""]","[""B6a""]","[""B6a""]"
ATTR-TEST-0318,test,3,Delayed vaccination,"[""A2a"",""A2b""]","[""A2c"",""A2d""]","[""A2a""]"
ATTR-TEST-0319,test,3,Delayed vaccination,"[""C3f""]","[""A1c""]","[""A1c""]"
ATTR-TEST-0320,test,3,Delayed vaccination,"[""A1b""]","[""A2c""]","[""A2c""]"
ATTR-TEST-0321,test,3,Delayed vaccination,"[""B6a""]","[""A2c""]","[""B6a""]"
ATTR-TEST-0322,test,3,Delayed vaccination,"[""B6a"",""C4a""]","[""B6a"",""C4a""]","[""B6a"",""C4a""]"
ATTR-TEST-0323,test,3,Delayed vaccination,"[""B6a""]","[""B6a""]","[""B6a""]"
ATTR-TEST-0324,test,3,Delayed vaccination,"[""A1a"",""A2d"",""B6a""]","[""A1a"",""A2d"",""B6a""]","[""A1a"",""A2d"",""B6a""]"
ATTR-TEST-0325,test,3,Delayed vaccination,"[""B6a""]","[""A2d""]","[""B6a""]"
ATTR-TEST-0326,test,3,Delayed vaccination,"[""B1b""]","[""A1c""]","[""A1c""]"
ATTR-TEST-0327,test,3,Delayed vaccination,"[""A2e""]","[""D0""]","[""D0""]"
ATTR-TEST-0328,test,3,Delayed vaccination,"[""B6a""]","[""B6a""]","[""B6a""]"
ATTR-TEST-0329,test,3,Delayed vaccination,"[""C1d""]","[""C1b""]","[""C1b""]"
ATTR-TEST-0330,test,3,Delayed vaccination,"[""B5a""]","[""C1b""]","[""B5a""]"
ATTR-TEST-0331,test,3,Delayed vaccination,"[""A1a"",""B6a""]","[""A1a"",""B6a""]","[""A1a"",""B6a""]"
ATTR-TEST-0332,test,3,Delayed vaccination,"[""C1c"",""C3c""]","[""C1c"",""C3c""]","[""C1c"",""C3c""]"
ATTR-TEST-0333,test,3,Delayed vaccination,"[""A1c""]","[""A1c""]","[""A1c""]"
ATTR-TEST-0334,test,3,Delayed vaccination,"[""A1c""]","[""A1c""]","[""A1c""]"
ATTR-TEST-0335,test,3,Delayed vaccination,"[""C4c""]","[""C4c""]","[""C4c""]"
ATTR-TEST-0336,test,3,Delayed vaccination,"[""C4a""]","[""C4a""]","[""C4a""]"
ATTR-TEST-0337,test,3,Delayed vaccination,"[""B4a""]","[""B6a""]","[""B6a""]"
ATTR-TEST-0338,test,3,Delayed vaccination,"[""A2a""]","[""A2a""]","[""A2a""]"
ATTR-TEST-0339,test,3,Delayed vaccination,"[""A3d""]","[""A3d""]","[""A3d""]"
ATTR-TEST-0340,test,3,Delayed vaccination,"[""B1c""]","[""B1c""]","[""B1c""]"
ATTR-TEST-0341,test,3,Delayed vaccination,"[""A2a""]","[""A2a""]","[""A2a""]"
ATTR-TEST-0342,test,3,Delayed vaccination,"[""C2a""]","[""A1c""]","[""A1c""]"
ATTR-TEST-0343,test,3,Delayed vaccination,"[""B1a""]","[""B5a""]","[""B1a""]"
ATTR-TEST-0344,test,3,Delayed vaccination,"[""A1c"",""C3a""]","[""C3a"",""C3f""]","[""A1c"",""C3a""]"
ATTR-TEST-0345,test,3,Delayed vaccination,"[""A2d""]","[""A2d""]","[""A2d""]"
ATTR-TEST-0346,test,3,Delayed vaccination,"[""B7a""]","[""A1c""]","[""A1c""]"
ATTR-TEST-0347,test,3,Delayed vaccination,"[""A2a""]","[""A2a"",""A2c""]","[""A2a""]"
ATTR-TEST-0348,test,3,Delayed vaccination,"[""C1c""]","[""A2a""]","[""A2a""]"
ATTR-TEST-0349,test,3,Delayed vaccination,"[""A1c""]","[""A1c""]","[""A1c""]"
ATTR-TEST-0350,test,3,Delayed vaccination,"[""A2a""]","[""A3d""]","[""A2a""]"
ATTR-TEST-0351,test,3,Delayed vaccination,"[""B6a""]","[""A2a""]","[""A2a""]"
ATTR-TEST-0352,test,3,Delayed vaccination,"[""B7a""]","[""B1c"",""B2b"",""B7a""]","[""B7a""]"
ATTR-TEST-0353,test,4,Vaccine refusal,"[""B5a""]","[""C3a""]","[""B5a"",""C3a""]"
ATTR-TEST-0354,test,4,Vaccine refusal,"[""C3f""]","[""C3f""]","[""C3f""]"
ATTR-TEST-0355,test,4,Vaccine refusal,"[""C3f""]","[""C3f""]","[""C3f""]"
ATTR-TEST-0356,test,4,Vaccine refusal,"[""C3f""]","[""C3a""]","[""C3f""]"
ATTR-TEST-0357,test,4,Vaccine refusal,"[""A1b"",""C3f""]","[""A1b"",""C3f""]","[""A1b"",""C3f""]"
ATTR-TEST-0358,test,4,Vaccine refusal,"[""B1c"",""B3a""]","[""A3b"",""B1a""]","[""A3b"",""B1a""]"
ATTR-TEST-0359,test,4,Vaccine refusal,"[""C4d""]","[""C4d""]","[""C4d""]"
ATTR-TEST-0360,test,4,Vaccine refusal,"[""C4c""]","[""C4c""]","[""C4c""]"
ATTR-TEST-0361,test,4,Vaccine refusal,"[""B2b"",""C1c"",""C3f""]","[""B1a"",""B2b"",""C3f""]","[""B2b"",""C1c"",""C3f""]"
ATTR-TEST-0362,test,4,Vaccine refusal,"[""C3c""]","[""C3c""]","[""C3c""]"
ATTR-TEST-0363,test,4,Vaccine refusal,"[""B5b""]","[""B5b""]","[""B5b""]"
ATTR-TEST-0364,test,4,Vaccine refusal,"[""B1a""]","[""B1a""]","[""B1a""]"
ATTR-TEST-0365,test,4,Vaccine refusal,"[""A2a"",""A2d""]","[""A2e""]","[""A2a""]"
ATTR-TEST-0366,test,4,Vaccine refusal,"[""A2a""]","[""A2c""]","[""A2a""]"
ATTR-TEST-0367,test,4,Vaccine refusal,"[""A2e""]","[""A1b""]","[""A2e""]"
ATTR-TEST-0368,test,4,Vaccine refusal,"[""A2b""]","[""A2a"",""A2e""]","[""A2a""]"
ATTR-TEST-0369,test,4,Vaccine refusal,"[""B5b""]","[""B5b""]","[""B5b""]"
ATTR-TEST-0370,test,4,Vaccine refusal,"[""B1a"",""B3a""]","[""A2e"",""C1b""]","[""B1a"",""B3a""]"
ATTR-TEST-0371,test,4,Vaccine refusal,"[""A2a"",""B1c"",""C1c""]","[""B1c"",""C1c"",""C1d""]","[""A2a"",""B1c"",""C1c""]"
ATTR-TEST-0372,test,4,Vaccine refusal,"[""B2a"",""B4a"",""C2a""]","[""B1c"",""B2a"",""B5a""]","[""B1c"",""B2a"",""B5a""]"
ATTR-TEST-0373,test,4,Vaccine refusal,"[""A2c"",""B2b""]","[""B2b"",""B5a""]","[""A2c"",""B2b""]"
ATTR-TEST-0374,test,4,Vaccine refusal,"[""D0""]","[""C1c""]","[""C1c""]"
ATTR-TEST-0375,test,4,Vaccine refusal,"[""B7a""]","[""A2c""]","[""A2c""]"
ATTR-TEST-0376,test,4,Vaccine refusal,"[""C3f""]","[""C3f""]","[""C3f""]"
ATTR-TEST-0377,test,4,Vaccine refusal,"[""B1b"",""B1c""]","[""A1c"",""B1b""]","[""A1c"",""B1b""]"
ATTR-TEST-0378,test,4,Vaccine refusal,"[""C3f""]","[""C3f""]","[""C3f""]"
ATTR-TEST-0379,test,4,Vaccine refusal,"[""C3f"",""C3c""]","[""C3f"",""C3d""]","[""C3f""]"
ATTR-TEST-0380,test,4,Vaccine refusal,"[""C3f""]","[""C3f""]","[""C3f""]"
ATTR-TEST-0381,test,4,Vaccine refusal,"[""C3f""]","[""C3f""]","[""C3f""]"
ATTR-TEST-0382,test,4,Vaccine refusal,"[""A3d""]","[""A2a""]","[""A2a""]"
ATTR-TEST-0383,test,4,Vaccine refusal,"[""B6a""]","[""A2a""]","[""A2a""]"
ATTR-TEST-0384,test,4,Vaccine refusal,"[""A2e""]","[""A2e""]","[""A2e""]"
ATTR-TEST-0385,test,4,Vaccine refusal,"[""A2e""]","[""A1c""]","[""A2e""]"
ATTR-TEST-0386,test,4,Vaccine refusal,"[""A1b"",""C4c""]","[""A1b"",""C4c""]","[""A1b"",""C4c""]"
ATTR-TEST-0387,test,4,Vaccine refusal,"[""B2c""]","[""B2c""]","[""B2c""]"
ATTR-TEST-0388,test,4,Vaccine refusal,"[""B5a""]","[""A2a""]","[""B5a""]"
ATTR-TEST-0389,test,4,Vaccine refusal,"[""A1c""]","[""A3b""]","[""A1c""]"
ATTR-TEST-0390,test,4,Vaccine refusal,"[""C3c""]","[""A3e""]","[""C3c""]"
ATTR-TEST-0391,test,4,Vaccine refusal,"[""B1c"",""B2a""]","[""A2a"",""B1c""]","[""A2a"",""B1c""]"
ATTR-TEST-0392,test,4,Vaccine refusal,"[""C3f""]","[""C3f""]","[""C3f""]"
ATTR-TEST-0393,test,4,Vaccine refusal,"[""A2a""]","[""B4b""]","[""A2a""]"
ATTR-TEST-0394,test,4,Vaccine refusal,"[""C3a""]","[""C3a""]","[""C3a""]"
ATTR-TEST-0395,test,4,Vaccine refusal,"[""A2b""]","[""A2b""]","[""A2b""]"
ATTR-TEST-0396,test,4,Vaccine refusal,"[""D0""]","[""D0""]","[""D0""]"
ATTR-TEST-0397,test,4,Vaccine refusal,"[""A1a"",""A1b""]","[""A1c"",""A1d""]","[""A1c""]"
ATTR-TEST-0398,test,4,Vaccine refusal,"[""C3b""]","[""A2a""]","[""A2a""]"
ATTR-TEST-0399,test,4,Vaccine refusal,"[""B4a"",""C4b""]","[""A2a"",""B4a""]","[""A2a"",""B4a""]"
ATTR-TEST-0400,test,4,Vaccine refusal,"[""A2b""]","[""A2b""]","[""A2b""]"
ATTR-TEST-0401,test,4,Vaccine refusal,"[""A2e""]","[""A2e""]","[""A2e""]"
ATTR-TEST-0402,test,4,Vaccine refusal,"[""A1a"",""A2c""]","[""A1a"",""A2c""]","[""A1a"",""A2c""]"
ATTR-TEST-0403,test,4,Vaccine refusal,"[""A1a"",""C2a"",""C4a""]","[""C2a"",""C4a"",""C4d""]","[""A1a"",""C2a"",""C4a""]"
ATTR-TEST-0404,test,4,Vaccine refusal,"[""A1c""]","[""A1a"",""A1b""]","[""A1a""]"
ATTR-TEST-0405,test,4,Vaccine refusal,"[""C4c""]","[""B5b""]","[""B5b""]"
ATTR-TEST-0406,test,4,Vaccine refusal,"[""A1b"",""B2c""]","[""B1a"",""B2c""]","[""A1b"",""B2c""]"
ATTR-TEST-0407,test,4,Vaccine refusal,"[""B5a""]","[""B5a""]","[""B5a""]"
ATTR-TEST-0408,test,4,Vaccine refusal,"[""A2a"",""B1a"",""B2b""]","[""B2b""]","[""A2a"",""B1a"",""B2b""]"
ATTR-TEST-0409,test,4,Vaccine refusal,"[""C3f""]","[""C3f""]","[""C3f""]"
ATTR-TEST-0410,test,4,Vaccine refusal,"[""A2a"",""A2e""]","[""A2b""]","[""A2a""]"
ATTR-TEST-0411,test,4,Vaccine refusal,"[""B1b"",""B2b""]","[""B2b""]","[""B1b"",""B2b""]"
ATTR-TEST-0412,test,4,Vaccine refusal,"[""A1c""]","[""A1c""]","[""A1c""]"
ATTR-TEST-0413,test,4,Vaccine refusal,"[""A1c""]","[""A2d""]","[""A1c""]"
ATTR-TEST-0414,test,4,Vaccine refusal,"[""B1b""]","[""A1c""]","[""A1c""]"
ATTR-TEST-0415,test,4,Vaccine refusal,"[""A2e""]","[""A2a""]","[""A2a""]"
ATTR-TEST-0416,test,4,Vaccine refusal,"[""C4d""]","[""C4d""]","[""C4d""]"
ATTR-TEST-0417,test,4,Vaccine refusal,"[""A3d"",""C1b""]","[""A3d"",""C1b""]","[""A3d"",""C1b""]"
ATTR-TEST-0418,test,4,Vaccine refusal,"[""A2a""]","[""A2a""]","[""A2a""]"
ATTR-TEST-0419,test,4,Vaccine refusal,"[""A2a""]","[""A2a""]","[""A2a""]"
ATTR-TEST-0420,test,4,Vaccine refusal,"[""A2a""]","[""A2a""]","[""A2a""]"
ATTR-TEST-0421,test,4,Vaccine refusal,"[""A1c""]","[""A1c""]","[""A1c""]"
ATTR-TEST-0422,test,4,Vaccine refusal,"[""A1c""]","[""A1c"",""A2b"",""A2e""]","[""A1c""]"
ATTR-TEST-0423,test,4,Vaccine refusal,"[""A2a""]","[""A2a""]","[""A2a""]"
ATTR-TEST-0424,test,4,Vaccine refusal,"[""A2a""]","[""A2a""]","[""A2a""]"
ATTR-TEST-0425,test,4,Vaccine refusal,"[""B4a"",""C3d"",""C3f""]","[""B5a"",""C3d"",""C3f""]","[""B5a"",""C3d"",""C3f""]"
ATTR-TEST-0426,test,4,Vaccine refusal,"[""D0""]","[""D0""]","[""D0""]"
ATTR-TEST-0427,test,4,Vaccine refusal,"[""A2e""]","[""A2e""]","[""A2e""]"
ATTR-TEST-0428,test,4,Vaccine refusal,"[""B5b""]","[""B5b""]","[""B5b""]"
ATTR-TEST-0429,test,4,Vaccine refusal,"[""A1c"",""C4d""]","[""C2a"",""C4d""]","[""A1c"",""C4d""]"
ATTR-TEST-0430,test,4,Vaccine refusal,"[""A1a"",""B6a""]","[""A1a"",""B5a""]","[""A1a"",""B6a""]"
ATTR-TEST-0431,test,4,Vaccine refusal,"[""B1b"",""B2b"",""B7a""]","[""A1a"",""A2c"",""B2b""]","[""A1a"",""A2c"",""B2b""]"
ATTR-TEST-0432,test,4,Vaccine refusal,"[""A2a""]","[""A2a""]","[""A2a""]"
ATTR-TEST-0433,test,4,Vaccine refusal,"[""A2a""]","[""B5b""]","[""A2a""]"
ATTR-TEST-0434,test,4,Vaccine refusal,"[""A2a""]","[""A2a""]","[""A2a""]"
ATTR-TEST-0435,test,4,Vaccine refusal,"[""B5b""]","[""B5b""]","[""B5b""]"
ATTR-TEST-0436,test,4,Vaccine refusal,"[""A3c""]","[""A3c""]","[""A3c""]"
ATTR-TEST-0437,test,4,Vaccine refusal,"[""A3d"",""C1c"",""C4c""]","[""A1a"",""B2b"",""C4c""]","[""A1a"",""B2b"",""C4c""]"
ATTR-TEST-0438,test,4,Vaccine refusal,"[""D0""]","[""D0""]","[""D0""]"
ATTR-TEST-0439,test,4,Vaccine refusal,"[""A1a""]","[""A2e""]","[""A2e""]"
ATTR-TEST-0440,test,4,Vaccine refusal,"[""A2a""]","[""A2a""]","[""A2a""]"
ATTR-TEST-0441,test,4,Vaccine refusal,"[""A2a""]","[""A2a""]","[""A2a""]"
ATTR-TEST-0442,test,4,Vaccine refusal,"[""B6a""]","[""D0""]","[""D0""]"
ATTR-TEST-0443,test,4,Vaccine refusal,"[""B1a"",""C2a""]","[""B1c"",""C2a""]","[""B5b""]"
ATTR-TEST-0444,test,4,Vaccine refusal,"[""B5b""]","[""B5b""]","[""B5b""]"
ATTR-TEST-0445,test,4,Vaccine refusal,"[""A1c"",""B2b""]","[""B2b""]","[""A1c"",""B2b""]"
ATTR-TEST-0446,test,4,Vaccine refusal,"[""B5a"",""C3a""]","[""B5a"",""C3a""]","[""B5a"",""C3a""]"
ATTR-TEST-0447,test,4,Vaccine refusal,"[""A1b"",""B1a""]","[""B1a"",""B2b""]","[""A1b"",""B1a""]"
ATTR-TEST-0448,test,4,Vaccine refusal,"[""A2a"",""C2a""]","[""A2a"",""C2a""]","[""A2a"",""C2a""]"
ATTR-TEST-0449,test,4,Vaccine refusal,"[""A1c"",""A2a"",""C4d""]","[""A2a""]","[""A1c"",""A2a"",""C4d""]"
ATTR-TEST-0450,test,4,Vaccine refusal,"[""B5b""]","[""B2a""]","[""B5b""]"
ATTR-TEST-0451,test,4,Vaccine refusal,"[""C3b"",""C3c"",""C3f""]","[""C3b"",""C3c"",""C3f""]","[""C3b"",""C3c"",""C3f""]"
ATTR-TEST-0452,test,4,Vaccine refusal,"[""B1b"",""B2a"",""B7a""]","[""B1b"",""B2a"",""B7a""]","[""B1b"",""B2a"",""B7a""]"
ATTR-TEST-0453,test,4,Vaccine refusal,"[""D0""]","[""D0""]","[""D0""]"
ATTR-TEST-0454,test,3,Delayed vaccination,"[""A1c""]","[""B4b""]","[""A1c""]"
ATTR-TEST-0455,test,3,Delayed vaccination,"[""A2b"",""B6a""]","[""C1a"",""C2b""]","[""A2b"",""B6a""]"
ATTR-TEST-0456,test,3,Delayed vaccination,"[""C3b""]","[""A2a""]","[""A2a""]"
ATTR-TEST-0457,test,3,Delayed vaccination,"[""A1c""]","[""C4b""]","[""A1c""]"
ATTR-TEST-0458,test,3,Delayed vaccination,"[""B4a""]","[""B4a""]","[""B4a""]"
ATTR-TEST-0459,test,3,Delayed vaccination,"[""B6a""]","[""B6a""]","[""B6a""]"
ATTR-TEST-0460,test,3,Delayed vaccination,"[""B2b"",""C4d""]","[""A2c"",""B2b""]","[""A2c"",""B2b""]"
ATTR-TEST-0461,test,3,Delayed vaccination,"[""A3a""]","[""A1a""]","[""A1a""]"
ATTR-TEST-0462,test,3,Delayed vaccination,"[""C3a""]","[""C1b""]","[""C1b""]"
ATTR-TEST-0463,test,3,Delayed vaccination,"[""C3f""]","[""C3f""]","[""C3f""]"
ATTR-TEST-0464,test,3,Delayed vaccination,"[""A3d""]","[""A3d""]","[""A3d""]"
ATTR-TEST-0465,test,3,Delayed vaccination,"[""C4c""]","[""B1a""]","[""B1a""]"
ATTR-TEST-0466,test,3,Delayed vaccination,"[""C1b""]","[""C1b""]","[""C1b""]"
ATTR-TEST-0467,test,3,Delayed vaccination,"[""B1a""]","[""B6a""]","[""B6a""]"
ATTR-TEST-0468,test,3,Delayed vaccination,"[""A1c""]","[""A1c""]","[""A1c""]"
ATTR-TEST-0469,test,3,Delayed vaccination,"[""A2a""]","[""B1c""]","[""A2a""]"
ATTR-TEST-0470,test,3,Delayed vaccination,"[""C4c""]","[""C4c""]","[""C4c""]"
ATTR-TEST-0471,test,3,Delayed vaccination,"[""A2a""]","[""A2a""]","[""A2a""]"
ATTR-TEST-0472,test,3,Delayed vaccination,"[""B1a""]","[""B1a""]","[""B1a""]"
ATTR-TEST-0473,test,3,Delayed vaccination,"[""C2a""]","[""C2a""]","[""C2a""]"
ATTR-TEST-0474,test,3,Delayed vaccination,"[""C1b"",""C1c""]","[""B3a"",""C3c""]","[""C1b"",""C1c""]"
ATTR-TEST-0475,test,3,Delayed vaccination,"[""A1c""]","[""A1c""]","[""A1c""]"
ATTR-TEST-0476,test,3,Delayed vaccination,"[""A2a""]","[""A2a""]","[""A2a""]"
ATTR-TEST-0477,test,3,Delayed vaccination,"[""A2a""]","[""A2a""]","[""A2a""]"
ATTR-TEST-0478,test,3,Delayed vaccination,"[""D0""]","[""C3f""]","[""D0""]"
ATTR-TEST-0479,test,3,Delayed vaccination,"[""A2c""]","[""A2a""]","[""A2a""]"
ATTR-TEST-0480,test,3,Delayed vaccination,"[""C1c""]","[""C1c""]","[""C1c""]"
ATTR-TEST-0481,test,3,Delayed vaccination,"[""B6a""]","[""A1b""]","[""B6a""]"
ATTR-TEST-0482,test,3,Delayed vaccination,"[""A2d""]","[""A2d""]","[""A2d""]"
ATTR-TEST-0483,test,3,Delayed vaccination,"[""A2e""]","[""A2d""]","[""A2e""]"
ATTR-TEST-0484,test,3,Delayed vaccination,"[""B5b""]","[""B5b""]","[""B5b""]"
ATTR-TEST-0485,test,3,Delayed vaccination,"[""A3d""]","[""A3d""]","[""A3d""]"
ATTR-TEST-0486,test,3,Delayed vaccination,"[""A2a""]","[""B1b""]","[""A2a""]"
ATTR-TEST-0487,test,3,Delayed vaccination,"[""A2e""]","[""A1c""]","[""A1c""]"
ATTR-TEST-0488,test,3,Delayed vaccination,"[""A2a"",""B1b""]","[""A2a"",""B1b""]","[""A2a"",""B1b""]"
ATTR-TEST-0489,test,3,Delayed vaccination,"[""C1b""]","[""C1c""]","[""C1c""]"
ATTR-TEST-0490,test,4,Vaccine refusal,"[""A1c"",""C3e""]","[""C1d"",""C3e""]","[""A1c"",""C3e""]"
ATTR-TEST-0491,test,4,Vaccine refusal,"[""A2a""]","[""A2a""]","[""A2a""]"
ATTR-TEST-0492,test,4,Vaccine refusal,"[""B4a""]","[""A1c""]","[""A1c""]"
ATTR-TEST-0493,test,4,Vaccine refusal,"[""A1c"",""B1c""]","[""A1b"",""A1c"",""B1c""]","[""A1c"",""B1c""]"
ATTR-TEST-0494,test,4,Vaccine refusal,"[""D0""]","[""A2a""]","[""A2a""]"
ATTR-TEST-0495,test,4,Vaccine refusal,"[""A1c""]","[""A1c""]","[""A1c""]"
ATTR-TEST-0496,test,3,Delayed vaccination,"[""A2a"",""C2a""]","[""A2a""]","[""A2a"",""C2a""]"
ATTR-TEST-0497,test,3,Delayed vaccination,"[""A2a""]","[""A1b""]","[""A2a""]"
ATTR-TEST-0498,test,3,Delayed vaccination,"[""C1d""]","[""A3d""]","[""C1d""]"
ATTR-TEST-0499,test,3,Delayed vaccination,"[""A3e"",""C1c""]","[""A3d"",""A3e""]","[""A3e"",""C1c""]"
ATTR-TEST-0500,test,3,Delayed vaccination,"[""A2a""]","[""D0""]","[""D0""]"
