month,total_posts,delayed_vaccination_n,vaccine_refusal_n,total_label_mentions,A1_total_n,A1_delayed_vaccination_n,A1_vaccine_refusal_n,A2_total_n,A2_delayed_vaccination_n,A2_vaccine_refusal_n,A3_total_n,A3_delayed_vaccination_n,A3_vaccine_refusal_n,B1_total_n,B1_delayed_vaccination_n,B1_vaccine_refusal_n,B2_total_n,B2_delayed_vaccination_n,B2_vaccine_refusal_n,B3_total_n,B3_delayed_vaccination_n,B3_vaccine_refusal_n,B4_total_n,B4_delayed_vaccination_n,B4_vaccine_refusal_n,B5_total_n,B5_delayed_vaccination_n,B5_vaccine_refusal_n,B6_total_n,B6_delayed_vaccination_n,B6_vaccine_refusal_n,B7_total_n,B7_delayed_vaccination_n,B7_vaccine_refusal_n,C1_total_n,C1_delayed_vaccination_n,C1_vaccine_refusal_n,C2_total_n,C2_delayed_vaccination_n,C2_vaccine_refusal_n,C3_total_n,C3_delayed_vaccination_n,C3_vaccine_refusal_n,C4_total_n,C4_delayed_vaccination_n,C4_vaccine_refusal_n,A1a_n,A1b_n,A1c_n,A1d_n,A2a_n,A2b_n,A2c_n,A2d_n,A2e_n,A3a_n,A3b_n,A3c_n,A3d_n,A3e_n,B1a_n,B1b_n,B1c_n,B2a_n,B2b_n,B2c_n,B2d_n,B3a_n,B3b_n,B4a_n,B4b_n,B5a_n,B5b_n,B6a_n,B7a_n,C1a_n,C1b_n,C1c_n,C1d_n,C2a_n,C2b_n,C3a_n,C3b_n,C3c_n,C3d_n,C3e_n,C3f_n,C4a_n,C4b_n,C4c_n,C4d_n,D0_n
2016-01,74,47,27,148,56,29,27,1,1,0,17,17,0,0,0,0,0,0,0,0,0,0,0,0,0,0,0,0,0,0,0,0,0,0,0,0,0,0,0,0,0,0,0,0,0,0,56,0,56,0,1,0,0,1,0,17,0,0,17,0,0,0,0,0,0,0,0,0,0,0,0,0,0,0,0,0,0,0,0,0,0,0,0,0,0,0,0,0,0,0,0,0
2016-02,46,29,17,90,0,0,0,14,14,0,0,0,0,0,0,0,0,0,0,0,0,0,0,0,0,2,2,0,0,0,0,0,0,0,0,0,0,0,0,0,13,13,0,17,0,17,0,0,0,0,14,0,0,14,0,0,0,0,0,0,0,0,0,0,0,0,0,0,0,0,0,0,2,0,0,0,0,0,0,0,0,13,0,0,0,0,13,0,0,17,17,0
2016-03,424,72,352,889,102,0,102,18,0,18,72,9,63,0,0,0,24,0,24,11,11,0,8,0,8,14,0,14,130,37,93,18,18,0,27,27,0,4,4,0,296,27,269,3,0,3,11,0,102,0,18,0,0,0,0,0,0,0,72,0,0,0,0,0,24,0,0,0,11,8,0,14,0,130,18,0,0,27,0,4,0,151,0,0,0,0,296,0,0,3,0,0
2016-04,30,12,18,41,18,0,18,0,0,0,0,0,0,0,0,0,0,0,0,0,0,0,0,0,0,0,0,0,0,0,0,0,0,0,0,0,0,0,0,0,0,0,0,0,0,0,11,0,18,0,0,0,0,0,0,0,0,0,0,0,0,0,0,0,0,0,0,0,0,0,0,0,0,0,0,0,0,0,0,0,0,0,0,0,0,0,0,0,0,0,0,12
2016-05,19,8,11,19,11,0,11,0,0,0,0,0,0,0,0,0,0,0,0,0,0,0,0,0,0,0,0,0,0,0,0,0,0,0,0,0,0,0,0,0,0,0,0,0,0,0,0,0,11,0,0,0,0,0,0,0,0,0,0,0,0,0,0,0,0,0,0,0,0,0,0,0,0,0,0,0,0,0,0,0,0,0,0,0,0,0,0,0,0,0,0,8
2016-06,17,9,8,25,3,3,0,0,0,0,0,0,0,0,0,0,0,0,0,0,0,0,0,0,0,0,0,0,0,0,0,0,0,0,0,0,0,0,0,0,0,0,0,8,0,8,0,0,3,0,0,0,0,0,0,0,0,0,0,0,0,0,0,0,0,0,0,0,0,0,0,0,0,0,0,0,0,0,0,0,0,0,0,0,0,0,0,0,0,8,8,6
2016-07,15,5,10,16,0,0,0,0,0,0,1,0,1,0,0,0,0,0,0,0,0,0,0,0,0,9,0,9,0,0,0,0,0,0,0,0,0,0,0,0,0,0,0,0,0,0,0,0,0,0,0,0,0,0,0,1,0,0,1,0,0,0,0,0,0,0,0,0,0,0,0,0,9,0,0,0,0,0,0,0,0,0,0,0,0,0,0,0,0,0,0,5
2016-08,20,16,4,20,16,16,0,0,0,0,0,0,0,0,0,0,0,0,0,0,0,0,0,0,0,0,0,0,0,0,0,0,0,0,0,0,0,0,0,0,0,0,0,0,0,0,0,0,16,0,0,0,0,0,0,0,0,0,0,0,0,0,0,0,0,0,0,0,0,0,0,0,0,0,0,0,0,0,0,0,0,0,0,0,0,0,0,0,0,0,0,4
2016-09,66,50,16,101,0,0,0,66,50,16,0,0,0,0,0,0,0,0,0,0,0,0,0,0,0,0,0,0,0,0,0,0,0,0,0,0,0,0,0,0,0,0,0,0,0,0,0,0,0,0,66,0,0,35,0,0,0,0,0,0,0,0,0,0,0,0,0,0,0,0,0,0,0,0,0,0,0,0,0,0,0,0,0,0,0,0,0,0,0,0,0,0
2016-10,147,111,36,182,16,16,0,36,0,36,0,0,0,29,29,0,0,0,0,10,10,0,0,0,0,0,0,0,0,0,0,0,0,0,0,0,0,0,0,0,4,4,0,0,0,0,0,0,16,0,36,0,0,0,0,0,0,0,0,0,0,29,29,0,0,0,0,6,10,0,0,0,0,0,0,0,0,0,0,0,0,0,0,0,0,0,4,0,0,0,0,52
2016-11,102,77,25,108,40,40,0,36,11,25,0,0,0,0,0,0,0,0,0,0,0,0,4,4,0,0,0,0,0,0,0,0,0,0,0,0,0,0,0,0,0,0,0,22,22,0,0,0,40,0,36,0,0,0,0,0,0,0,0,0,0,0,0,0,0,0,0,0,0,4,0,0,0,0,0,0,0,0,0,0,0,0,0,0,0,0,0,0,2,22,4,0
2016-12,108,78,30,108,0,0,0,0,0,0,0,0,0,0,0,0,0,0,0,0,0,0,0,0,0,0,0,0,0,0,0,0,0,0,0,0,0,0,0,0,0,0,0,0,0,0,0,0,0,0,0,0,0,0,0,0,0,0,0,0,0,0,0,0,0,0,0,0,0,0,0,0,0,0,0,0,0,0,0,0,0,0,0,0,0,0,0,0,0,0,0,108
2017-01,80,57,23,115,20,0,20,0,0,0,0,0,0,1,0,1,0,0,0,0,0,0,0,0,0,0,0,0,0,0,0,0,0,0,32,32,0,4,2,2,21,21,0,4,2,2,0,0,20,0,0,0,0,0,0,0,0,0,0,0,0,1,0,0,0,0,0,0,0,0,0,0,0,0,0,0,32,32,0,4,1,0,0,0,0,0,21,0,0,4,0,0
2017-02,46,27,19,69,1,0,1,0,0,0,27,27,0,0,0,0,0,0,0,8,8,0,0,0,0,0,0,0,0,0,0,0,0,0,0,0,0,6,0,6,0,0,0,12,0,12,0,0,1,0,0,0,0,0,0,15,0,0,27,0,0,0,0,0,0,0,0,0,8,0,0,0,0,0,0,0,0,0,0,6,0,0,0,0,0,0,0,0,0,12,0,0
2017-03,58,35,23,58,16,16,0,17,17,0,2,2,0,0,0,0,0,0,0,0,0,0,0,0,0,0,0,0,0,0,0,0,0,0,0,0,0,0,0,0,0,0,0,0,0,0,0,0,16,0,17,0,0,0,0,0,0,0,2,0,0,0,0,0,0,0,0,0,0,0,0,0,0,0,0,0,0,0,0,0,0,0,0,0,0,0,0,0,0,0,0,23
2017-04,19,15,4,19,4,0,4,0,0,0,15,15,0,0,0,0,0,0,0,0,0,0,0,0,0,0,0,0,0,0,0,0,0,0,0,0,0,0,0,0,0,0,0,0,0,0,0,0,4,0,0,0,0,0,0,0,0,0,15,0,0,0,0,0,0,0,0,0,0,0,0,0,0,0,0,0,0,0,0,0,0,0,0,0,0,0,0,0,0,0,0,0
2017-05,18,12,6,24,0,0,0,12,12,0,0,0,0,6,0,6,0,0,0,0,0,0,0,0,0,0,0,0,0,0,0,0,0,0,0,0,0,0,0,0,0,0,0,0,0,0,0,0,0,0,12,0,0,0,0,0,0,0,0,0,0,6,6,0,0,0,0,0,0,0,0,0,0,0,0,0,0,0,0,0,0,0,0,0,0,0,0,0,0,0,0,0
2017-06,15,8,7,22,0,0,0,0,0,0,0,0,0,7,0,7,0,0,0,0,0,0,0,0,0,0,0,0,0,0,0,0,0,0,0,0,0,0,0,0,0,0,0,8,8,0,0,0,0,0,0,0,0,0,0,0,0,0,0,0,0,7,7,0,0,0,0,0,0,0,0,0,0,0,0,0,0,0,0,0,0,0,0,0,0,0,0,0,0,8,0,0
2017-07,16,10,6,16,0,0,0,16,10,6,0,0,0,0,0,0,0,0,0,0,0,0,0,0,0,0,0,0,0,0,0,0,0,0,0,0,0,0,0,0,0,0,0,0,0,0,0,0,0,0,16,0,0,0,0,0,0,0,0,0,0,0,0,0,0,0,0,0,0,0,0,0,0,0,0,0,0,0,0,0,0,0,0,0,0,0,0,0,0,0,0,0
2017-08,83,58,25,96,58,58,0,0,0,0,0,0,0,25,0,25,0,0,0,0,0,0,0,0,0,0,0,0,0,0,0,0,0,0,0,0,0,0,0,0,0,0,0,0,0,0,0,0,58,0,0,0,0,0,0,0,0,0,0,0,0,25,13,0,0,0,0,0,0,0,0,0,0,0,0,0,0,0,0,0,0,0,0,0,0,0,0,0,0,0,0,0
2017-09,121,101,20,138,20,0,20,0,0,0,101,101,0,2,0,2,0,0,0,0,0,0,0,0,0,15,0,15,0,0,0,0,0,0,0,0,0,0,0,0,0,0,0,0,0,0,0,0,20,0,0,0,0,0,0,0,0,0,101,0,0,2,0,0,0,0,0,0,0,0,0,15,0,0,0,0,0,0,0,0,0,0,0,0,0,0,0,0,0,0,0,0
2017-10,228,189,39,336,134,95,39,29,0,29,0,0,0,0,0,0,32,0,32,17,0,17,0,0,0,0,0,0,64,64,0,0,0,0,30,30,0,0,0,0,0,0,0,0,0,0,0,0,134,0,29,0,0,0,0,0,0,0,0,0,0,0,0,0,32,0,0,8,9,0,0,0,0,64,0,0,30,30,0,0,0,0,0,0,0,0,0,0,0,0,0,0
2017-11,206,158,48,206,40,0,40,64,64,0,0,0,0,8,0,8,0,0,0,0,0,0,0,0,0,0,0,0,94,94,0,0,0,0,0,0,0,0,0,0,0,0,0,0,0,0,0,0,40,0,64,0,0,0,0,0,0,0,0,0,0,8,0,0,0,0,0,0,0,0,0,0,0,94,0,0,0,0,0,0,0,0,0,0,0,0,0,0,0,0,0,0
2017-12,233,191,42,233,0,0,0,108,108,0,0,0,0,22,22,0,0,0,0,0,0,0,28,28,0,0,0,0,8,8,0,25,25,0,0,0,0,0,0,0,11,0,11,31,0,31,0,0,0,0,108,0,0,0,0,0,0,0,0,0,0,22,0,0,0,0,0,0,0,28,0,0,0,8,25,0,0,0,0,0,0,0,0,0,0,0,11,0,0,31,0,0
2018-01,506,410,96,720,96,0,96,0,0,0,0,0,0,0,0,0,125,125,0,0,0,0,0,0,0,0,0,0,0,0,0,0,0,0,275,275,0,0,0,0,44,44,0,0,0,0,0,0,96,0,0,0,0,0,0,0,0,0,0,0,0,0,0,81,125,0,0,0,0,0,0,0,0,0,0,0,99,275,0,0,0,0,0,0,0,0,44,0,0,0,0,0
2018-02,323,240,83,501,0,0,0,248,240,8,9,0,9,86,86,0,3,0,3,7,0,7,0,0,0,56,0,56,0,0,0,0,0,0,46,46,0,0,0,0,0,0,0,46,46,0,0,0,0,0,248,0,0,0,0,0,0,0,9,0,0,56,30,0,3,0,0,3,4,0,0,0,56,0,0,0,0,46,0,0,0,0,0,0,0,0,0,0,0,46,0,0
2018-03,156,120,36,324,0,0,0,87,51,36,0,0,0,0,0,0,0,0,0,58,58,0,59,59,0,0,0,0,0,0,0,0,0,0,0,0,0,0,0,0,120,120,0,0,0,0,0,0,0,0,87,0,0,0,0,0,0,0,0,0,0,0,0,0,0,0,0,29,29,59,0,0,0,0,0,0,0,0,0,0,0,0,0,0,0,0,120,0,0,0,0,0
2018-04,60,41,19,101,0,0,0,48,29,19,0,0,0,0,0,0,0,0,0,0,0,0,0,0,0,0,0,0,41,41,0,0,0,0,0,0,0,12,12,0,0,0,0,0,0,0,0,0,0,0,48,0,0,0,0,0,0,0,0,0,0,0,0,0,0,0,0,0,0,0,0,0,0,41,0,0,0,0,0,12,0,0,0,0,0,0,0,0,0,0,0,0
2018-05,55,38,17,55,34,17,17,21,21,0,0,0,0,0,0,0,0,0,0,0,0,0,0,0,0,0,0,0,0,0,0,0,0,0,0,0,0,0,0,0,0,0,0,0,0,0,0,0,34,0,21,0,0,0,0,0,0,0,0,0,0,0,0,0,0,0,0,0,0,0,0,0,0,0,0,0,0,0,0,0,0,0,0,0,0,0,0,0,0,0,0,0
2018-06,64,52,12,76,12,0,12,12,0,12,52,52,0,0,0,0,0,0,0,0,0,0,0,0,0,0,0,0,0,0,0,0,0,0,0,0,0,0,0,0,0,0,0,0,0,0,0,0,12,0,12,0,0,0,0,0,0,0,52,0,0,0,0,0,0,0,0,0,0,0,0,0,0,0,0,0,0,0,0,0,0,0,0,0,0,0,0,0,0,0,0,0
2018-07,402,117,285,460,2,0,2,134,113,21,100,34,66,0,0,0,4,4,0,0,0,0,0,0,0,0,0,0,0,0,0,1,1,0,0,0,0,0,0,0,219,0,219,0,0,0,0,0,2,0,134,0,0,0,0,0,0,0,100,0,0,0,0,0,4,0,0,0,0,0,0,0,0,0,1,0,0,0,0,0,0,0,0,0,0,0,219,0,0,0,0,0
2018-08,45,24,21,46,0,0,0,0,0,0,0,0,0,45,24,21,0,0,0,0,0,0,0,0,0,0,0,0,0,0,0,0,0,0,0,0,0,0,0,0,0,0,0,1,1,0,0,0,0,0,0,0,0,0,0,0,0,0,0,0,0,22,23,0,0,0,0,0,0,0,0,0,0,0,0,0,0,0,0,0,0,0,0,0,0,0,0,0,0,1,0,0
2018-09,91,71,20,91,20,0,20,71,71,0,0,0,0,0,0,0,0,0,0,0,0,0,0,0,0,0,0,0,0,0,0,0,0,0,0,0,0,0,0,0,0,0,0,0,0,0,0,0,20,0,71,0,0,0,0,0,0,0,0,0,0,0,0,0,0,0,0,0,0,0,0,0,0,0,0,0,0,0,0,0,0,0,0,0,0,0,0,0,0,0,0,0
2018-10,399,301,98,414,340,242,98,0,0,0,12,12,0,0,0,0,0,0,0,0,0,0,0,0,0,0,0,0,16,16,0,46,46,0,0,0,0,0,0,0,0,0,0,0,0,0,0,0,340,0,0,0,0,0,0,0,0,0,12,0,0,0,0,0,0,0,0,0,0,0,0,0,0,16,46,0,0,0,0,0,0,0,0,0,0,0,0,0,0,0,0,0
2018-11,567,441,126,693,110,110,0,0,0,0,126,0,126,1,0,1,0,0,0,0,0,0,0,0,0,0,0,0,331,331,0,0,0,0,0,0,0,0,0,0,0,0,0,125,0,125,0,0,110,0,0,0,0,0,0,0,0,0,126,0,0,1,0,0,0,0,0,0,0,0,0,0,0,331,0,0,0,0,0,0,0,0,0,0,0,0,0,0,0,125,0,0
2018-12,377,265,112,399,112,0,112,0,0,0,0,0,0,0,0,0,0,0,0,0,0,0,0,0,0,0,0,0,0,0,0,0,0,0,0,0,0,19,19,0,22,0,22,0,0,0,0,0,112,0,0,0,0,0,0,0,0,0,0,0,0,0,0,0,0,0,0,0,0,0,0,0,0,0,0,0,0,0,0,19,0,0,0,0,0,0,22,0,0,0,0,246
2019-01,502,367,135,658,0,0,0,460,347,113,0,0,0,0,0,0,0,0,0,0,0,0,0,0,0,0,0,0,1,1,0,0,0,0,115,115,0,30,0,30,22,0,22,30,0,30,0,0,0,0,460,0,0,0,0,0,0,0,0,0,0,0,0,0,0,0,0,0,0,0,0,0,0,1,0,0,0,115,0,30,0,0,0,0,0,0,22,0,0,30,0,0
2019-02,186,139,47,233,0,0,0,139,139,0,0,0,0,0,0,0,0,0,0,0,0,0,0,0,0,0,0,0,0,0,0,0,0,0,0,0,0,0,0,0,47,0,47,47,0,47,0,0,0,0,139,0,0,0,0,0,0,0,0,0,0,0,0,0,0,0,0,0,0,0,0,0,0,0,0,0,0,0,0,0,0,0,0,0,0,0,47,0,0,47,0,0
2019-03,63,60,3,63,0,0,0,0,0,0,0,0,0,0,0,0,0,0,0,0,0,0,0,0,0,0,0,0,0,0,0,0,0,0,0,0,0,0,0,0,3,0,3,0,0,0,0,0,0,0,0,0,0,0,0,0,0,0,0,0,0,0,0,0,0,0,0,0,0,0,0,0,0,0,0,0,0,0,0,0,0,0,0,0,0,0,3,0,0,0,0,60
2019-04,44,37,7,44,0,0,0,0,0,0,4,0,4,0,0,0,0,0,0,0,0,0,0,0,0,0,0,0,0,0,0,0,0,0,37,37,0,3,0,3,0,0,0,0,0,0,0,0,0,0,0,0,0,0,0,0,0,0,4,0,0,0,0,0,0,0,0,0,0,0,0,0,0,0,0,0,0,37,0,3,0,0,0,0,0,0,0,0,0,0,0,0
2019-05,55,44,11,55,0,0,0,0,0,0,44,44,0,0,0,0,0,0,0,0,0,0,0,0,0,0,0,0,0,0,0,0,0,0,0,0,0,0,0,0,0,0,0,11,0,11,0,0,0,0,0,0,0,0,0,0,0,0,44,0,0,0,0,0,0,0,0,0,0,0,0,0,0,0,0,0,0,0,0,0,0,0,0,0,0,0,0,0,0,11,0,0
2019-06,56,39,17,56,0,0,0,0,0,0,0,0,0,0,0,0,0,0,0,0,0,0,0,0,0,17,1,16,0,0,0,0,0,0,1,0,1,0,0,0,38,38,0,0,0,0,0,0,0,0,0,0,0,0,0,0,0,0,0,0,0,0,0,0,0,0,0,0,0,0,0,0,17,0,0,0,0,1,0,0,0,0,0,0,0,0,38,0,0,0,0,0
2019-07,50,30,20,50,0,0,0,0,0,0,30,30,0,0,0,0,0,0,0,0,0,0,0,0,0,0,0,0,0,0,0,0,0,0,0,0,0,0,0,0,0,0,0,20,0,20,0,0,0,0,0,0,0,0,0,0,0,0,30,0,0,0,0,0,0,0,0,0,0,0,0,0,0,0,0,0,0,0,0,0,0,0,0,0,0,0,0,0,0,20,0,0
2019-08,62,41,21,62,21,0,21,0,0,0,41,41,0,0,0,0,0,0,0,0,0,0,0,0,0,0,0,0,0,0,0,0,0,0,0,0,0,0,0,0,0,0,0,0,0,0,0,0,21,0,0,0,0,0,0,0,0,0,41,0,0,0,0,0,0,0,0,0,0,0,0,0,0,0,0,0,0,0,0,0,0,0,0,0,0,0,0,0,0,0,0,0
2019-09,269,217,52,269,0,0,0,0,0,0,203,203,0,0,0,0,0,0,0,0,0,0,52,0,52,0,0,0,0,0,0,0,0,0,0,0,0,0,0,0,0,0,0,14,14,0,0,0,0,0,0,0,0,0,0,0,0,0,203,0,0,0,0,0,0,0,0,0,0,52,0,0,0,0,0,0,0,0,0,0,0,0,0,0,0,0,0,0,0,14,0,0
2019-10,653,515,138,653,542,404,138,0,0,0,104,104,0,0,0,0,7,7,0,0,0,0,0,0,0,0,0,0,0,0,0,0,0,0,0,0,0,0,0,0,0,0,0,0,0,0,0,0,542,0,0,0,0,0,0,0,0,0,104,0,0,0,0,0,7,0,0,0,0,0,0,0,0,0,0,0,0,0,0,0,0,0,0,0,0,0,0,0,0,0,0,0
2019-11,641,509,132,641,118,0,118,0,0,0,32,32,0,4,0,4,0,0,0,10,0,10,0,0,0,0,0,0,236,236,0,0,0,0,241,241,0,0,0,0,0,0,0,0,0,0,0,0,118,0,0,0,0,0,0,0,0,0,32,0,0,2,2,0,0,0,0,5,5,0,0,0,0,236,0,0,7,234,0,0,0,0,0,0,0,0,0,0,0,0,0,0
2019-12,610,465,145,622,0,0,0,145,0,145,12,0,12,112,112,0,74,74,0,64,64,0,29,29,0,45,45,0,51,51,0,90,90,0,0,0,0,0,0,0,0,0,0,0,0,0,0,0,0,0,145,0,0,0,0,0,0,0,12,0,0,56,56,0,74,0,0,32,32,29,0,0,45,51,90,0,0,0,0,0,0,0,0,0,0,0,0,0,0,0,0,0
2020-01,441,298,143,441,0,0,0,143,0,143,298,298,0,0,0,0,0,0,0,0,0,0,0,0,0,0,0,0,0,0,0,0,0,0,0,0,0,0,0,0,0,0,0,0,0,0,0,0,0,0,143,0,0,0,0,0,0,0,298,0,0,0,0,0,0,0,0,0,0,0,0,0,0,0,0,0,0,0,0,0,0,0,0,0,0,0,0,0,0,0,0,0
2020-02,174,99,75,191,20,20,0,75,0,75,0,0,0,0,0,0,0,0,0,0,0,0,0,0,0,0,0,0,0,0,0,17,0,17,0,0,0,79,79,0,0,0,0,0,0,0,0,0,20,0,75,0,0,0,0,0,0,0,0,0,0,0,0,0,0,0,0,0,0,0,0,0,0,0,17,0,0,0,0,79,0,0,0,0,0,0,0,0,0,0,0,0
2020-03,186,102,84,270,111,27,84,0,0,0,0,0,0,0,0,0,75,75,0,0,0,0,0,0,0,84,0,84,0,0,0,0,0,0,0,0,0,0,0,0,0,0,0,0,0,0,0,0,111,0,0,0,0,0,0,0,0,0,0,0,0,0,0,0,75,0,0,0,0,0,0,84,0,0,0,0,0,0,0,0,0,0,0,0,0,0,0,0,0,0,0,0
2020-04,149,84,65,149,26,0,26,5,5,0,0,0,0,0,0,0,0,0,0,0,0,0,0,0,0,0,0,0,0,0,0,74,74,0,5,5,0,0,0,0,0,0,0,39,0,39,0,0,26,0,5,0,0,0,0,0,0,0,0,0,0,0,0,0,0,0,0,0,0,0,0,0,0,0,74,0,2,3,0,0,0,0,0,0,0,0,0,0,0,39,0,0
2020-05,83,38,45,128,45,0,45,0,0,0,1,0,1,18,0,18,0,0,0,0,0,0,0,0,0,0,0,0,0,0,0,1,1,0,0,0,0,0,0,0,13,0,13,50,37,13,0,0,45,0,0,0,0,0,0,0,0,0,1,0,0,9,9,0,0,0,0,0,0,0,0,0,0,0,1,0,0,0,0,0,0,0,0,0,0,0,13,0,0,50,0,0
2020-06,52,27,25,52,0,0,0,0,0,0,0,0,0,25,0,25,0,0,0,0,0,0,0,0,0,0,0,0,0,0,0,0,0,0,0,0,0,27,27,0,0,0,0,0,0,0,0,0,0,0,0,0,0,0,0,0,0,0,0,0,0,12,13,0,0,0,0,0,0,0,0,0,0,0,0,0,0,0,0,27,0,0,0,0,0,0,0,0,0,0,0,0
2020-07,69,43,26,70,0,0,0,0,0,0,27,1,26,0,0,0,0,0,0,0,0,0,0,0,0,0,0,0,43,43,0,0,0,0,0,0,0,0,0,0,0,0,0,0,0,0,0,0,0,0,0,0,0,0,0,0,0,0,27,0,0,0,0,0,0,0,0,0,0,0,0,0,0,43,0,0,0,0,0,0,0,0,0,0,0,0,0,0,0,0,0,0
2020-08,275,189,86,427,86,0,86,0,0,0,86,0,86,0,0,0,0,0,0,0,0,0,189,189,0,0,0,0,0,0,0,0,0,0,0,0,0,0,0,0,0,0,0,66,66,0,0,0,86,0,0,0,0,0,0,0,0,0,86,0,0,0,0,0,0,0,0,0,0,189,0,0,0,0,0,0,0,0,0,0,0,0,0,0,0,0,0,0,0,66,0,0
2020-09,1737,1460,277,1763,405,401,4,1058,1058,0,0,0,0,0,0,0,0,0,0,0,0,0,0,0,0,0,0,0,0,0,0,0,0,0,0,0,0,24,1,23,0,0,0,276,0,276,0,0,405,0,1058,0,0,0,0,0,0,0,0,0,0,0,0,0,0,0,0,0,0,0,0,0,0,0,0,0,0,0,0,24,0,0,0,0,0,0,0,0,13,250,13,0
2020-10,1986,1480,506,1986,0,0,0,98,98,0,0,0,0,0,0,0,0,0,0,91,0,91,0,0,0,0,0,0,536,536,0,1,1,0,1016,844,172,0,0,0,243,0,243,1,1,0,0,0,0,0,98,0,0,0,0,0,0,0,0,0,0,0,0,0,0,0,0,46,45,0,0,0,0,536,1,0,433,433,150,0,0,59,0,0,0,0,184,0,0,0,1,0
2020-11,1698,1195,503,1794,1205,702,503,0,0,0,440,440,0,0,0,0,0,0,0,0,0,0,0,0,0,0,0,0,0,0,0,53,53,0,0,0,0,0,0,0,96,0,96,0,0,0,0,0,1205,0,0,0,0,0,0,0,0,0,440,0,0,0,0,0,0,0,0,0,0,0,0,0,0,0,53,0,0,0,0,0,0,48,0,0,0,0,48,0,0,0,0,0
2020-12,1025,736,289,1557,0,0,0,181,0,181,0,0,0,351,351,0,164,164,0,0,0,0,19,19,0,108,0,108,0,0,0,0,0,0,242,242,0,0,0,0,0,0,0,107,107,0,0,0,0,0,181,0,0,0,0,0,0,0,0,0,0,176,175,0,164,0,0,0,0,19,0,0,108,0,0,0,81,80,81,0,0,0,0,0,0,0,0,21,29,29,28,385
2021-01,465,311,154,465,0,0,0,20,0,20,0,0,0,125,0,125,0,0,0,65,65,0,0,0,0,0,0,0,98,98,0,148,148,0,0,0,0,9,0,9,0,0,0,0,0,0,0,0,0,0,20,0,0,0,0,0,0,0,0,0,12,56,57,0,0,0,0,32,33,0,0,0,0,98,148,0,0,0,0,9,0,0,0,0,0,0,0,0,0,0,0,0
2021-02,190,120,70,203,190,120,70,12,12,0,0,0,0,1,1,0,0,0,0,0,0,0,0,0,0,0,0,0,0,0,0,0,0,0,0,0,0,0,0,0,0,0,0,0,0,0,0,0,190,0,12,0,0,0,0,0,0,0,0,0,1,0,0,0,0,0,0,0,0,0,0,0,0,0,0,0,0,0,0,0,0,0,0,0,0,0,0,0,0,0,0,0
2021-03,292,181,111,475,0,0,0,292,181,111,0,0,0,99,99,0,0,0,0,0,0,0,69,68,1,0,0,0,15,15,0,0,0,0,0,0,0,0,0,0,0,0,0,0,0,0,0,0,0,0,292,0,0,0,0,0,0,0,0,0,33,33,33,0,0,0,0,0,0,69,0,0,0,15,0,0,0,0,0,0,0,0,0,0,0,0,0,0,0,0,0,0
2021-04,290,168,122,328,0,0,0,0,0,0,116,116,0,0,0,0,113,0,113,0,0,0,0,0,0,9,0,9,0,0,0,0,0,0,52,52,0,0,0,0,38,38,0,0,0,0,0,0,0,0,0,0,0,0,0,0,0,0,116,0,0,0,0,0,113,0,0,0,0,0,0,0,9,0,0,0,17,18,17,0,0,19,0,0,0,0,19,0,0,0,0,0
2021-05,204,124,80,204,0,0,0,0,0,0,0,0,0,0,0,0,0,0,0,0,0,0,0,0,0,0,0,0,0,0,0,0,0,0,124,124,0,0,0,0,80,0,80,0,0,0,0,0,0,0,0,0,0,0,0,0,0,0,0,0,0,0,0,0,0,0,0,0,0,0,0,0,0,0,0,0,41,41,42,0,0,40,0,0,0,0,40,0,0,0,0,0
2021-06,152,92,60,203,105,54,51,20,20,0,0,0,0,0,0,0,0,0,0,0,0,0,0,0,0,0,0,0,0,0,0,0,0,0,0,0,0,0,0,0,78,18,60,0,0,0,0,0,105,0,20,0,0,0,0,0,0,0,0,0,0,0,0,0,0,0,0,0,0,0,0,0,0,0,0,0,0,0,0,0,0,39,0,0,0,0,39,0,0,0,0,0
2021-07,184,98,86,184,11,0,11,75,0,75,98,98,0,0,0,0,0,0,0,0,0,0,0,0,0,0,0,0,0,0,0,0,0,0,0,0,0,0,0,0,0,0,0,0,0,0,0,0,11,0,75,0,0,0,0,0,0,0,98,0,0,0,0,0,0,0,0,0,0,0,0,0,0,0,0,0,0,0,0,0,0,0,0,0,0,0,0,0,0,0,0,0
2021-08,264,135,129,264,9,9,0,0,0,0,0,0,0,0,0,0,0,0,0,0,0,0,0,0,0,0,0,0,33,33,0,0,0,0,115,0,115,93,93,0,0,0,0,14,0,14,0,0,9,0,0,0,0,0,0,0,0,0,0,0,0,0,0,0,0,0,0,0,0,0,0,0,0,33,0,0,39,38,38,93,0,0,0,0,0,0,0,4,3,3,4,0
2021-09,601,443,158,759,0,0,0,323,193,130,158,0,158,28,0,28,0,0,0,0,0,0,0,0,0,0,0,0,0,0,0,0,0,0,0,0,0,0,0,0,0,0,0,250,250,0,0,0,0,0,323,0,0,0,0,0,0,0,158,0,9,10,9,0,0,0,0,0,0,0,0,0,0,0,0,0,0,0,0,0,0,0,0,0,0,0,0,62,63,63,62,0
2021-10,1296,1085,211,1296,1085,1085,0,0,0,0,0,0,0,0,0,0,0,0,0,0,0,0,8,0,8,203,0,203,0,0,0,0,0,0,0,0,0,0,0,0,0,0,0,0,0,0,0,0,1085,0,0,0,0,0,0,0,0,0,0,0,0,0,0,0,0,0,0,0,0,8,0,0,203,0,0,0,0,0,0,0,0,0,0,0,0,0,0,0,0,0,0,0
2021-11,694,538,156,740,156,0,156,554,538,16,0,0,0,0,0,0,0,0,0,0,0,0,0,0,0,0,0,0,0,0,0,0,0,0,30,30,0,0,0,0,0,0,0,0,0,0,0,0,156,0,554,0,0,0,0,0,0,0,0,0,0,0,0,0,0,0,0,0,0,0,0,0,0,0,0,0,10,10,10,0,0,0,0,0,0,0,0,0,0,0,0,0
2021-12,603,461,142,783,0,0,0,23,0,23,296,296,0,0,0,0,10,0,10,0,0,0,77,77,0,0,0,0,268,268,0,0,0,0,0,0,0,0,0,0,0,0,0,0,0,0,0,0,0,0,23,0,0,0,0,0,0,0,296,0,0,0,0,0,10,0,0,0,0,77,0,0,0,268,0,0,0,0,0,0,0,0,0,0,0,0,0,0,0,0,0,109
2022-01,454,341,113,454,0,0,0,0,0,0,0,0,0,0,0,0,0,0,0,0,0,0,0,0,0,0,0,0,190,190,0,151,151,0,0,0,0,113,0,113,0,0,0,0,0,0,0,0,0,0,0,0,0,0,0,0,0,0,0,0,0,0,0,0,0,0,0,0,0,0,0,0,0,190,151,0,0,0,0,113,0,0,0,0,0,0,0,0,0,0,0,0
2022-02,171,123,48,171,0,0,0,123,123,0,0,0,0,0,0,0,0,0,0,0,0,0,0,0,0,0,0,0,0,0,0,0,0,0,0,0,0,48,0,48,0,0,0,0,0,0,0,0,0,0,123,0,0,0,0,0,0,0,0,0,0,0,0,0,0,0,0,0,0,0,0,0,0,0,0,0,0,0,0,48,0,0,0,0,0,0,0,0,0,0,0,0
2022-03,162,112,50,374,50,0,50,162,112,50,0,0,0,0,0,0,46,0,46,0,0,0,4,0,4,0,0,0,0,0,0,0,0,0,0,0,0,0,0,0,112,112,0,0,0,0,0,0,50,0,162,0,0,0,0,0,0,0,0,0,0,0,0,0,46,0,0,0,0,4,0,0,0,0,0,0,0,0,0,0,0,56,0,0,0,0,56,0,0,0,0,0
2022-04,186,105,81,236,10,0,10,14,14,0,0,0,0,0,0,0,0,0,0,86,86,0,0,0,0,40,0,40,0,0,0,0,0,0,0,0,0,0,0,0,86,5,81,0,0,0,0,0,10,0,14,0,0,0,0,0,0,0,0,0,0,0,0,0,0,0,0,43,43,0,0,40,0,0,0,0,0,0,0,0,0,43,0,0,0,0,43,0,0,0,0,0
2022-05,171,91,80,171,0,0,0,0,0,0,91,91,0,0,0,0,0,0,0,0,0,0,0,0,0,80,0,80,0,0,0,0,0,0,0,0,0,0,0,0,0,0,0,0,0,0,0,0,0,0,0,0,0,0,0,0,0,0,91,0,0,0,0,0,0,0,0,0,0,0,0,0,80,0,0,0,0,0,0,0,0,0,0,0,0,0,0,0,0,0,0,0
2022-06,338,261,77,360,0,0,0,281,204,77,43,43,0,0,0,0,0,0,0,0,0,0,0,0,0,3,3,0,0,0,0,0,0,0,0,0,0,22,11,11,11,0,11,0,0,0,0,0,0,0,281,0,0,0,0,0,0,0,43,0,0,0,0,0,0,0,0,0,0,0,0,0,3,0,0,0,0,0,0,22,0,5,0,0,0,0,6,0,0,0,0,0
2022-07,266,186,80,266,0,0,0,186,186,0,80,0,80,0,0,0,0,0,0,0,0,0,0,0,0,0,0,0,0,0,0,0,0,0,0,0,0,0,0,0,0,0,0,0,0,0,0,0,0,0,186,0,0,0,0,0,0,0,80,0,0,0,0,0,0,0,0,0,0,0,0,0,0,0,0,0,0,0,0,0,0,0,0,0,0,0,0,0,0,0,0,0
2022-08,316,223,93,316,76,0,76,0,0,0,0,0,0,0,0,0,14,0,14,0,0,0,0,0,0,0,0,0,223,223,0,0,0,0,0,0,0,0,0,0,3,0,3,0,0,0,0,0,76,0,0,0,0,0,0,0,0,0,0,0,0,0,0,0,14,0,0,0,0,0,0,0,0,223,0,0,0,0,0,0,0,2,0,0,0,0,1,0,0,0,0,0
2022-09,1021,789,232,1070,232,0,232,0,0,0,351,351,0,48,0,48,0,0,0,0,0,0,0,0,0,0,0,0,0,0,0,0,0,0,357,357,0,0,0,0,0,0,0,82,82,0,0,0,232,0,0,0,0,0,0,0,0,0,351,0,16,16,16,0,0,0,0,0,0,0,0,0,0,0,0,0,119,119,119,0,0,0,0,0,0,0,0,21,20,20,21,0
2022-10,899,682,217,899,288,71,217,0,0,0,0,0,0,0,0,0,0,0,0,0,0,0,0,0,0,0,0,0,231,231,0,0,0,0,0,0,0,0,0,0,0,0,0,380,380,0,0,0,288,0,0,0,0,0,0,0,0,0,0,0,0,0,0,0,0,0,0,0,0,0,0,0,0,231,0,0,0,0,0,0,0,0,0,0,0,0,0,95,95,95,95,0
2022-11,984,692,292,984,292,0,292,0,0,0,0,0,0,362,362,0,64,64,0,0,0,0,128,128,0,138,138,0,0,0,0,0,0,0,0,0,0,0,0,0,0,0,0,0,0,0,0,0,292,0,0,0,0,0,0,0,0,0,0,0,121,120,121,0,64,0,0,0,0,128,0,0,138,0,0,0,0,0,0,0,0,0,0,0,0,0,0,0,0,0,0,0
2022-12,1499,954,545,1607,808,263,545,690,690,0,0,0,0,0,0,0,21,0,21,0,0,0,0,0,0,0,0,0,0,0,0,0,0,0,1,1,0,0,0,0,87,0,87,0,0,0,0,0,808,0,690,0,0,0,0,0,0,0,0,0,0,0,0,0,21,0,0,0,0,0,0,0,0,0,0,0,0,1,0,0,0,41,0,4,0,0,42,0,0,0,0,0
2023-01,341,199,142,341,69,0,69,199,199,0,0,0,0,0,0,0,0,0,0,0,0,0,0,0,0,0,0,0,0,0,0,0,0,0,0,0,0,0,0,0,73,0,73,0,0,0,0,0,69,0,199,0,0,0,0,0,0,0,0,0,0,0,0,0,0,0,0,0,0,0,0,0,0,0,0,0,0,0,0,0,0,25,0,24,0,0,24,0,0,0,0,0
2023-02,734,595,139,734,1,0,1,43,43,0,552,552,0,0,0,0,138,0,138,0,0,0,0,0,0,0,0,0,0,0,0,0,0,0,0,0,0,0,0,0,0,0,0,0,0,0,0,0,1,0,43,0,0,0,0,132,0,0,420,0,0,0,0,50,54,20,14,0,0,0,0,0,0,0,0,0,0,0,0,0,0,0,0,0,0,0,0,0,0,0,0,0
2023-03,2581,2061,520,4340,566,400,166,361,195,166,566,562,4,0,0,0,130,0,130,26,26,0,0,0,0,37,0,37,1818,1818,0,249,243,6,406,406,0,0,0,0,0,0,0,0,0,0,0,0,566,0,361,0,0,0,0,283,0,0,283,0,0,0,0,32,32,33,33,13,13,0,0,4,33,1818,249,17,130,129,130,0,0,0,0,0,0,0,0,0,0,0,0,181
2023-04,627,464,163,735,0,0,0,39,39,0,0,0,0,133,0,133,0,0,0,0,0,0,69,69,0,0,0,0,0,0,0,0,0,0,0,0,0,367,367,0,30,0,30,0,0,0,0,0,0,0,39,0,0,0,0,0,0,0,0,0,44,45,44,0,0,0,0,0,0,69,0,0,0,0,0,0,0,0,0,367,0,10,0,10,0,0,10,0,0,0,0,97
2023-05,226,171,55,226,0,0,0,0,0,0,0,0,0,55,0,55,171,171,0,0,0,0,0,0,0,0,0,0,0,0,0,0,0,0,0,0,0,0,0,0,0,0,0,0,0,0,0,0,0,0,0,0,0,0,0,0,0,0,0,0,18,18,19,43,43,43,42,0,0,0,0,0,0,0,0,0,0,0,0,0,0,0,0,0,0,0,0,0,0,0,0,0
2023-06,108,69,39,108,0,0,0,0,0,0,39,0,39,0,0,0,0,0,0,0,0,0,0,0,0,0,0,0,0,0,0,0,0,0,0,0,0,0,0,0,69,69,0,0,0,0,0,0,0,0,0,0,0,0,0,20,0,0,19,0,0,0,0,0,0,0,0,0,0,0,0,0,0,0,0,0,0,0,0,0,0,23,0,23,0,0,23,0,0,0,0,0
2023-07,152,78,74,152,0,0,0,72,0,72,2,0,2,0,0,0,0,0,0,3,3,0,0,0,0,0,0,0,0,0,0,0,0,0,0,0,0,0,0,0,0,0,0,0,0,0,0,0,0,0,72,0,0,0,0,1,0,0,1,0,0,0,0,0,0,0,0,2,1,0,0,0,0,0,0,0,0,0,0,0,0,0,0,0,0,0,0,0,0,0,0,75
2023-08,488,379,109,488,349,349,0,30,30,0,0,0,0,109,0,109,0,0,0,0,0,0,0,0,0,0,0,0,0,0,0,0,0,0,0,0,0,0,0,0,0,0,0,0,0,0,0,0,349,0,30,0,0,0,0,0,0,0,0,0,37,36,36,0,0,0,0,0,0,0,0,0,0,0,0,0,0,0,0,0,0,0,0,0,0,0,0,0,0,0,0,0
2023-09,1439,1188,251,1439,0,0,0,1183,986,197,0,0,0,0,0,0,0,0,0,54,0,54,0,0,0,0,0,0,202,202,0,0,0,0,0,0,0,0,0,0,0,0,0,0,0,0,0,0,0,0,1183,0,0,0,0,0,0,0,0,0,0,0,0,0,0,0,0,27,27,0,0,0,0,202,0,0,0,0,0,0,0,0,0,0,0,0,0,0,0,0,0,0
2023-10,2185,1780,405,2186,405,0,405,1780,1780,0,0,0,0,0,0,0,0,0,0,1,1,0,0,0,0,0,0,0,0,0,0,0,0,0,0,0,0,0,0,0,0,0,0,0,0,0,0,0,405,0,1780,0,0,0,0,0,0,0,0,0,0,0,0,0,0,0,0,0,1,0,0,0,0,0,0,0,0,0,0,0,0,0,0,0,0,0,0,0,0,0,0,0
2023-11,2871,2188,683,2871,2188,2188,0,0,0,0,0,0,0,1,0,1,0,0,0,68,0,68,126,0,126,0,0,0,0,0,0,46,0,46,0,0,0,0,0,0,0,0,0,0,0,0,670,0,1518,0,0,0,0,0,0,0,0,0,0,0,0,1,0,0,0,0,0,34,34,126,0,0,0,0,46,0,0,0,0,0,0,0,0,0,0,0,0,0,0,0,0,442
2023-12,2636,1914,722,2636,0,0,0,813,813,0,0,0,0,343,0,343,0,0,0,0,0,0,0,0,0,379,0,379,0,0,0,0,0,0,68,68,0,0,0,0,282,282,0,751,751,0,0,0,0,0,813,0,0,0,0,0,0,0,0,0,114,114,115,0,0,0,0,0,0,0,0,0,379,0,0,17,17,17,17,0,0,94,0,94,0,0,94,187,188,188,188,0
2024-01,1409,1016,393,1669,0,0,0,1389,1016,373,0,0,0,0,0,0,8,0,8,0,0,0,12,0,12,0,0,0,0,0,0,0,0,0,0,0,0,0,0,0,0,0,0,260,260,0,0,0,0,0,1389,0,0,0,0,0,0,0,0,0,0,0,0,2,2,2,2,0,0,12,0,0,0,0,0,0,0,0,0,0,0,0,0,0,0,0,0,65,65,65,65,0
2024-02,387,283,104,538,151,151,0,0,0,0,0,0,0,56,56,0,104,0,104,95,95,0,0,0,0,0,0,0,0,0,0,132,132,0,0,0,0,0,0,0,0,0,0,0,0,0,76,0,75,0,0,0,0,0,0,0,0,0,0,0,19,19,18,26,26,26,26,48,47,0,0,0,0,0,132,0,0,0,0,0,0,0,0,0,0,0,0,0,0,0,0,0
2024-03,497,324,173,846,86,0,86,100,13,87,314,314,0,0,0,0,0,0,0,0,0,0,0,0,0,0,0,0,0,0,0,0,0,0,0,0,0,0,0,0,173,0,173,173,0,173,43,0,43,0,100,0,0,0,0,115,19,65,115,0,0,0,0,0,0,0,0,0,0,0,0,0,0,0,0,0,0,0,0,0,0,41,37,42,12,0,41,44,43,43,43,0
2024-04,349,173,176,349,41,0,41,0,0,0,90,90,0,0,0,0,135,0,135,0,0,0,0,0,0,0,0,0,0,0,0,0,0,0,0,0,0,0,0,0,83,83,0,0,0,0,20,0,21,0,0,0,0,0,0,22,23,23,22,0,0,0,0,34,34,33,34,0,0,0,0,0,0,0,0,0,0,0,0,0,0,17,17,16,16,0,17,0,0,0,0,0
2024-05,229,133,96,229,96,0,96,39,39,0,0,0,0,0,0,0,2,2,0,0,0,0,0,0,0,0,0,0,92,92,0,0,0,0,0,0,0,0,0,0,0,0,0,0,0,0,48,0,48,0,39,0,0,0,0,0,0,0,0,0,0,0,0,0,0,1,1,0,0,0,0,0,0,92,0,0,0,0,0,0,0,0,0,0,0,0,0,0,0,0,0,0
2024-06,145,94,51,341,145,94,51,94,94,0,0,0,0,51,0,51,0,0,0,0,0,0,0,0,0,0,0,0,0,0,0,0,0,0,0,0,0,0,0,0,51,0,51,0,0,0,73,0,72,0,94,0,0,0,0,0,0,0,0,0,17,17,17,0,0,0,0,0,0,0,0,0,0,0,0,0,0,0,0,0,0,10,10,11,10,0,10,0,0,0,0,0
2024-07,123,87,36,123,0,0,0,36,0,36,80,80,0,0,0,0,0,0,0,0,0,0,0,0,0,0,0,0,0,0,0,0,0,0,0,0,0,7,7,0,0,0,0,0,0,0,0,0,0,0,36,0,0,0,0,20,20,20,20,0,0,0,0,0,0,0,0,0,0,0,0,0,0,0,0,0,0,0,0,7,0,0,0,0,0,0,0,0,0,0,0,0
2024-08,570,455,115,571,304,304,0,0,0,0,0,0,0,115,0,115,0,0,0,0,0,0,0,0,0,0,0,0,0,0,0,37,37,0,0,0,0,101,101,0,13,13,0,1,0,1,152,0,152,0,0,0,0,0,0,0,0,0,0,0,38,38,39,0,0,0,0,0,0,0,0,0,0,0,37,0,0,0,0,101,0,3,2,2,3,0,3,0,1,0,0,0
2024-09,959,736,223,959,261,261,0,0,0,0,0,0,0,108,0,108,0,0,0,0,0,0,0,0,0,0,0,0,0,0,0,0,0,0,0,0,0,115,0,115,413,413,0,62,62,0,130,0,131,0,0,0,0,0,0,0,0,0,0,0,36,36,36,0,0,0,0,0,0,0,0,0,0,0,0,0,0,0,0,110,5,81,82,82,82,5,81,15,15,16,16,0
2024-10,1358,1017,341,1358,0,0,0,341,0,341,0,0,0,0,0,0,0,0,0,0,0,0,103,103,0,0,0,0,914,914,0,0,0,0,0,0,0,0,0,0,0,0,0,0,0,0,0,0,0,0,341,0,0,0,0,0,0,0,0,0,0,0,0,0,0,0,0,0,0,103,0,0,0,914,0,0,0,0,0,0,0,0,0,0,0,0,0,0,0,0,0,0
2024-11,1135,778,357,1137,858,501,357,0,0,0,83,83,0,0,0,0,0,0,0,0,0,0,0,0,0,0,0,0,0,0,0,0,0,0,194,194,0,0,0,0,1,0,1,1,0,1,429,0,429,0,0,0,0,0,0,21,21,20,21,0,0,0,0,0,0,0,0,0,0,0,0,0,0,0,0,48,48,49,49,0,0,0,0,0,0,0,1,1,0,0,0,0
2024-12,797,557,240,797,235,235,0,322,322,0,0,0,0,6,0,6,0,0,0,0,0,0,0,0,0,234,0,234,0,0,0,0,0,0,0,0,0,0,0,0,0,0,0,0,0,0,118,0,117,0,322,0,0,0,0,0,0,0,0,0,2,2,2,0,0,0,0,0,0,0,0,143,91,0,0,0,0,0,0,0,0,0,0,0,0,0,0,0,0,0,0,0
2025-01,1298,876,422,1381,0,0,0,422,0,422,815,815,0,0,0,0,0,0,0,64,0,64,0,0,0,0,0,0,0,0,0,19,0,19,0,0,0,0,0,0,61,61,0,0,0,0,0,0,0,0,422,0,0,0,0,190,189,190,190,56,0,0,0,0,0,0,0,32,32,0,0,0,0,0,19,0,0,0,0,0,0,11,10,10,10,10,10,0,0,0,0,0
2025-02,1313,730,583,1327,0,0,0,583,0,583,0,0,0,0,0,0,0,0,0,0,0,0,0,0,0,14,14,0,730,730,0,0,0,0,0,0,0,0,0,0,0,0,0,0,0,0,0,0,0,0,583,0,0,0,0,0,0,0,0,0,0,0,0,0,0,0,0,0,0,0,0,14,0,730,0,0,0,0,0,0,0,0,0,0,0,0,0,0,0,0,0,0
2025-03,318,223,95,628,0,0,0,318,223,95,0,0,0,25,25,0,0,0,0,25,25,0,0,0,0,0,0,0,1,1,0,0,0,0,0,0,0,111,111,0,142,47,95,6,6,0,0,0,0,0,318,0,0,0,0,0,0,0,0,0,9,8,8,0,0,0,0,12,13,0,0,0,0,1,0,0,0,0,0,55,56,23,24,24,24,24,23,1,2,2,1,0
2025-04,194,130,64,459,1,0,1,194,130,64,0,0,0,64,0,64,0,0,0,0,0,0,130,130,0,0,0,0,70,70,0,0,0,0,0,0,0,0,0,0,0,0,0,0,0,0,0,0,1,0,144,0,0,50,0,0,0,0,0,0,21,22,21,0,0,0,0,0,0,122,8,0,0,70,0,0,0,0,0,0,0,0,0,0,0,0,0,0,0,0,0,0
2025-05,182,122,60,230,48,0,48,122,122,0,0,0,0,60,0,60,0,0,0,0,0,0,0,0,0,0,0,0,0,0,0,0,0,0,0,0,0,0,0,0,0,0,0,0,0,0,24,0,24,0,61,0,1,60,0,0,0,0,0,0,20,20,20,0,0,0,0,0,0,0,0,0,0,0,0,0,0,0,0,0,0,0,0,0,0,0,0,0,0,0,0,0
2025-06,104,64,40,144,20,0,20,0,0,0,20,0,20,0,0,0,0,0,0,0,0,0,0,0,0,0,0,0,64,64,0,0,0,0,0,0,0,0,0,0,40,0,40,0,0,0,10,0,10,0,0,0,0,0,0,4,4,4,4,4,0,0,0,0,0,0,0,0,0,0,0,0,0,64,0,0,0,0,0,0,0,7,7,7,6,6,7,0,0,0,0,0
2025-07,139,105,34,245,0,0,0,51,51,0,0,0,0,32,32,0,0,0,0,0,0,0,8,8,0,0,0,0,54,54,0,12,12,0,27,0,27,33,0,33,0,0,0,28,0,28,0,0,0,0,17,0,17,17,0,0,0,0,0,0,11,10,11,0,0,0,0,0,0,4,4,0,0,54,12,7,7,7,6,17,16,0,0,0,0,0,0,7,7,7,7,0
2025-08,423,351,72,423,0,0,0,0,0,0,0,0,0,0,0,0,0,0,0,20,20,0,0,0,0,0,0,0,0,0,0,0,0,0,331,331,0,0,0,0,72,0,72,0,0,0,0,0,0,0,0,0,0,0,0,0,0,0,0,0,0,0,0,0,0,0,0,10,10,0,0,0,0,0,0,83,83,82,83,0,0,12,12,12,12,12,12,0,0,0,0,0
2025-09,1539,1287,252,2129,590,590,0,0,0,0,0,0,0,229,0,229,0,0,0,75,75,0,0,0,0,0,0,0,1212,1212,0,23,0,23,0,0,0,0,0,0,0,0,0,0,0,0,295,0,295,0,0,0,0,0,0,0,0,0,0,0,76,77,76,0,0,0,0,38,37,0,0,0,0,1212,23,0,0,0,0,0,0,0,0,0,0,0,0,0,0,0,0,0
2025-10,2014,1657,357,2014,0,0,0,918,918,0,299,299,0,0,0,0,0,0,0,0,0,0,0,0,0,0,0,0,0,0,0,340,340,0,0,0,0,99,99,0,0,0,0,358,1,357,0,0,0,0,306,0,306,306,0,59,60,60,60,60,0,0,0,0,0,0,0,0,0,0,0,0,0,0,340,0,0,0,0,49,50,0,0,0,0,0,0,90,89,89,90,0
2025-11,4097,3174,923,4097,2264,2264,0,977,841,136,0,0,0,0,0,0,500,69,431,0,0,0,69,0,69,0,0,0,0,0,0,0,0,0,10,0,10,0,0,0,177,0,177,100,0,100,735,458,735,336,271,165,270,271,0,0,0,0,0,0,0,0,0,125,125,125,125,0,0,34,35,0,0,0,0,2,2,3,3,0,0,29,29,29,30,30,30,25,25,25,25,0
2025-12,4016,3065,951,5102,237,237,0,1188,237,951,0,0,0,427,427,0,228,228,0,43,43,0,52,52,0,401,400,1,683,683,0,37,37,0,0,0,0,0,0,0,408,0,408,439,0,439,59,59,59,60,242,242,243,243,218,0,0,0,0,0,142,142,143,57,57,57,57,21,22,26,26,401,0,683,37,0,0,0,0,0,0,68,68,68,68,68,68,109,110,110,110,959
