month,total_posts,stance_1_pro_vaccination_n,stance_1_pro_vaccination_percent,stance_2_no_explicit_stance_n,stance_2_no_explicit_stance_percent,stance_3_delayed_vaccination_n,stance_3_delayed_vaccination_percent,stance_4_vaccine_refusal_n,stance_4_vaccine_refusal_percent,vaccine_hesitant_n,vaccine_hesitancy_percent
2016-01,255,107,41.96078431372549,74,29.01960784313726,47,18.43137254901961,27,10.588235294117647,74,29.01960784313726
2016-02,162,74,45.67901234567901,42,25.925925925925924,29,17.901234567901234,17,10.493827160493826,46,28.39506172839506
2016-03,849,85,10.011778563015312,340,40.04711425206125,72,8.480565371024735,352,41.46054181389871,424,49.94110718492344
2016-04,105,34,32.38095238095238,41,39.04761904761905,12,11.428571428571429,18,17.142857142857142,30,28.57142857142857
2016-05,70,21,30.0,30,42.857142857142854,8,11.428571428571429,11,15.714285714285714,19,27.142857142857142
2016-06,73,27,36.986301369863014,29,39.726027397260275,9,12.32876712328767,8,10.95890410958904,17,23.28767123287671
2016-07,99,22,22.22222222222222,62,62.62626262626263,5,5.05050505050505,10,10.1010101010101,15,15.151515151515152
2016-08,107,15,14.018691588785046,72,67.28971962616822,16,14.953271028037381,4,3.7383177570093453,20,18.69158878504673
2016-09,344,101,29.360465116279073,177,51.45348837209303,50,14.534883720930234,16,4.651162790697675,66,19.186046511627907
2016-10,879,367,41.75199089874857,365,41.52445961319681,111,12.627986348122866,36,4.09556313993174,147,16.723549488054605
2016-11,560,220,39.285714285714285,238,42.5,77,13.750000000000002,25,4.464285714285714,102,18.21428571428571
2016-12,643,247,38.41368584758943,288,44.7900466562986,78,12.130637636080872,30,4.665629860031104,108,16.796267496111973
2017-01,322,108,33.54037267080746,134,41.61490683229814,57,17.70186335403727,23,7.142857142857142,80,24.84472049689441
2017-02,219,86,39.26940639269406,87,39.726027397260275,27,12.32876712328767,19,8.67579908675799,46,21.00456621004566
2017-03,234,52,22.22222222222222,124,52.991452991452995,35,14.957264957264957,23,9.82905982905983,58,24.786324786324787
2017-04,135,49,36.2962962962963,67,49.629629629629626,15,11.11111111111111,4,2.9629629629629632,19,14.074074074074074
2017-05,105,31,29.523809523809526,56,53.333333333333336,12,11.428571428571429,6,5.714285714285714,18,17.142857142857142
2017-06,93,28,30.107526881720432,50,53.76344086021505,8,8.60215053763441,7,7.526881720430108,15,16.129032258064516
2017-07,114,32,28.07017543859649,66,57.89473684210527,10,8.771929824561402,6,5.263157894736842,16,14.035087719298245
2017-08,404,122,30.198019801980198,199,49.257425742574256,58,14.356435643564355,25,6.188118811881188,83,20.544554455445542
2017-09,624,277,44.391025641025635,226,36.217948717948715,101,16.185897435897438,20,3.205128205128205,121,19.391025641025642
2017-10,1155,622,53.85281385281385,305,26.406926406926406,189,16.363636363636363,39,3.3766233766233764,228,19.74025974025974
2017-11,963,485,50.36344755970924,272,28.245067497403948,158,16.40706126687435,48,4.984423676012461,206,21.391484942886812
2017-12,1240,533,42.983870967741936,474,38.225806451612904,191,15.403225806451612,42,3.387096774193549,233,18.79032258064516
2018-01,2806,787,28.04704205274412,1513,53.92017106200998,410,14.611546685673558,96,3.4212401995723454,506,18.0327868852459
2018-02,1874,495,26.41408751334045,1056,56.35005336179295,240,12.806830309498398,83,4.429028815368197,323,17.235859124866597
2018-03,971,243,25.025746652935116,572,58.90834191555098,120,12.358393408856848,36,3.7075180226570548,156,16.065911431513904
2018-04,413,108,26.150121065375302,245,59.32203389830508,41,9.927360774818402,19,4.600484261501211,60,14.527845036319611
2018-05,435,93,21.379310344827587,287,65.97701149425286,38,8.735632183908045,17,3.9080459770114944,55,12.643678160919542
2018-06,398,65,16.331658291457288,269,67.58793969849246,52,13.06532663316583,12,3.015075376884422,64,16.08040201005025
2018-07,993,109,10.976837865055387,482,48.539778449144,117,11.782477341389729,285,28.700906344410875,402,40.483383685800604
2018-08,307,72,23.452768729641694,190,61.88925081433225,24,7.81758957654723,21,6.840390879478828,45,14.65798045602606
2018-09,679,235,34.609720176730484,353,51.98821796759942,71,10.456553755522828,20,2.945508100147275,91,13.402061855670103
2018-10,2639,1018,38.575217885562715,1222,46.30541871921182,301,11.405835543766578,98,3.7135278514588856,399,15.119363395225463
2018-11,3184,1372,43.09045226130653,1245,39.10175879396985,441,13.850502512562816,126,3.957286432160804,567,17.80778894472362
2018-12,1929,925,47.95230689476412,627,32.50388802488336,265,13.737687921202696,112,5.806117159149818,377,19.543805080352513
2019-01,2397,997,41.59365874009178,898,37.463496036712556,367,15.310805173133083,135,5.632040050062578,502,20.94284522319566
2019-02,947,323,34.10770855332629,438,46.25131995776135,139,14.6779303062302,47,4.963041182682154,186,19.640971488912353
2019-03,274,27,9.854014598540147,184,67.15328467153284,60,21.897810218978105,3,1.094890510948905,63,22.99270072992701
2019-04,163,29,17.791411042944784,90,55.21472392638037,37,22.699386503067483,7,4.294478527607362,44,26.993865030674847
2019-05,385,150,38.961038961038966,180,46.75324675324675,44,11.428571428571429,11,2.857142857142857,55,14.285714285714285
2019-06,388,108,27.835051546391753,224,57.73195876288659,39,10.051546391752577,17,4.381443298969072,56,14.432989690721648
2019-07,369,91,24.661246612466126,228,61.78861788617886,30,8.130081300813007,20,5.420054200542006,50,13.550135501355012
2019-08,439,151,34.39635535307517,226,51.48063781321185,41,9.339407744874716,21,4.783599088838269,62,14.123006833712983
2019-09,1516,777,51.2532981530343,470,31.00263852242744,217,14.313984168865435,52,3.430079155672823,269,17.74406332453826
2019-10,3570,2115,59.2436974789916,802,22.46498599439776,515,14.425770308123248,138,3.865546218487395,653,18.291316526610643
2019-11,3069,1772,57.7386770935158,656,21.37504072987944,509,16.58520690778755,132,4.301075268817205,641,20.886282176604755
2019-12,2728,1417,51.94281524926686,701,25.69648093841642,465,17.045454545454543,145,5.31524926686217,610,22.360703812316714
2020-01,2203,1054,47.84384929641398,708,32.1379936450295,298,13.527008624602816,143,6.4911484339537004,441,20.01815705855651
2020-02,1113,493,44.294699011680144,446,40.071877807726864,99,8.89487870619946,75,6.738544474393531,174,15.633423180592992
2020-03,1140,391,34.29824561403509,563,49.3859649122807,102,8.947368421052632,84,7.368421052631578,186,16.315789473684212
2020-04,720,268,37.22222222222222,303,42.083333333333336,84,11.666666666666666,65,9.027777777777777,149,20.694444444444443
2020-05,471,192,40.76433121019109,196,41.6135881104034,38,8.067940552016985,45,9.554140127388536,83,17.62208067940552
2020-06,326,118,36.19631901840491,156,47.85276073619632,27,8.282208588957054,25,7.668711656441718,52,15.950920245398773
2020-07,375,141,37.6,165,44.0,43,11.466666666666667,26,6.933333333333333,69,18.4
2020-08,1601,788,49.219237976264836,538,33.60399750156152,189,11.805121798875701,86,5.371642723297939,275,17.17676452217364
2020-09,9320,5019,53.851931330472105,2564,27.510729613733904,1460,15.665236051502147,277,2.9721030042918457,1737,18.63733905579399
2020-10,8606,4428,51.4524750174297,2192,25.47060190564722,1480,17.19730420636765,506,5.879618870555427,1986,23.076923076923077
2020-11,7331,3960,54.017187286864,1673,22.82089755831401,1195,16.300641113081436,503,6.861274041740553,1698,23.161915154821987
2020-12,4384,2474,56.43248175182482,885,20.187043795620436,736,16.78832116788321,289,6.592153284671533,1025,23.380474452554743
2021-01,1880,878,46.702127659574465,537,28.56382978723404,311,16.54255319148936,154,8.191489361702127,465,24.73404255319149
2021-02,779,333,42.747111681643126,256,32.86264441591784,120,15.40436456996149,70,8.985879332477536,190,24.390243902439025
2021-03,1090,470,43.11926605504588,328,30.091743119266056,181,16.605504587155963,111,10.18348623853211,292,26.788990825688074
2021-04,1186,488,41.14671163575042,408,34.40134907251265,168,14.165261382799327,122,10.286677908937605,290,24.45193929173693
2021-05,952,410,43.0672268907563,338,35.50420168067227,124,13.025210084033615,80,8.403361344537815,204,21.428571428571427
2021-06,727,302,41.54057771664374,273,37.551581843191194,92,12.65474552957359,60,8.253094910591471,152,20.907840440165064
2021-07,759,289,38.0764163372859,286,37.68115942028986,98,12.911725955204217,86,11.330698287220025,184,24.242424242424242
2021-08,1610,839,52.11180124223602,507,31.490683229813666,135,8.385093167701864,129,8.012422360248447,264,16.39751552795031
2021-09,4597,3178,69.13204263650206,818,17.79421361757668,443,9.63671959973896,158,3.437024146182293,601,13.073743745921254
2021-10,8592,5612,65.31657355679702,1684,19.599627560521416,1085,12.628026070763502,211,2.455772811918063,1296,15.083798882681565
2021-11,3662,2236,61.0595303113053,732,19.989077007099944,538,14.691425450573457,156,4.2599672310212995,694,18.951392681594754
2021-12,3041,1726,56.757645511344954,712,23.413350871423873,461,15.159487010851693,142,4.669516606379481,603,19.829003617231177
2022-01,2240,1253,55.93749999999999,533,23.794642857142854,341,15.223214285714285,113,5.044642857142858,454,20.267857142857142
2022-02,969,462,47.6780185758514,336,34.6749226006192,123,12.693498452012383,48,4.953560371517028,171,17.647058823529413
2022-03,1063,444,41.76857949200377,457,42.99153339604892,112,10.536218250235184,50,4.703668861712136,162,15.23988711194732
2022-04,1250,405,32.4,659,52.72,105,8.4,81,6.4799999999999995,186,14.879999999999999
2022-05,1065,385,36.15023474178404,509,47.793427230046944,91,8.544600938967136,80,7.511737089201878,171,16.056338028169016
2022-06,1871,919,49.11811865312667,614,32.816675574559056,261,13.949759486905396,77,4.115446285408872,338,18.065205772314272
2022-07,1403,648,46.18674269422666,489,34.853884533143265,186,13.257305773342837,80,5.702066999287242,266,18.95937277263008
2022-08,2459,1503,61.122407482716554,640,26.026840178934524,223,9.068727124847499,93,3.7820252135014236,316,12.850752338348922
2022-09,6045,3358,55.550041356492976,1666,27.55996691480562,789,13.05210918114144,232,3.8378825475599667,1021,16.889991728701407
2022-10,5230,3019,57.72466539196941,1312,25.08604206500956,682,13.040152963671128,217,4.149139579349905,899,17.189292543021033
2022-11,5770,3127,54.19410745233969,1659,28.75216637781629,692,11.993067590987868,292,5.0606585788561524,984,17.053726169844023
2022-12,9428,4429,46.977089520577,3500,37.1234620280017,954,10.118795078489605,545,5.780653372931693,1499,15.899448451421296
2023-01,2378,1048,44.07064760302776,989,41.58957106812448,199,8.368376787216148,142,5.971404541631623,341,14.33978132884777
2023-02,4352,1863,42.80790441176471,1755,40.326286764705884,595,13.671875,139,3.1939338235294117,734,16.865808823529413
2023-03,13263,5809,43.79853728417402,4873,36.74131041242554,2061,15.539470707984618,520,3.920681595415818,2581,19.460152303400438
2023-04,3486,1625,46.61503155479059,1234,35.39873780837636,464,13.310384394721744,163,4.675846242111302,627,17.98623063683305
2023-05,1414,559,39.533239038189535,629,44.48373408769448,171,12.093352192362094,55,3.889674681753889,226,15.983026874115982
2023-06,757,274,36.19550858652576,375,49.53764861294584,69,9.114927344782034,39,5.151915455746367,108,14.266842800528401
2023-07,957,358,37.4085684430512,447,46.70846394984326,78,8.150470219435736,74,7.732497387669801,152,15.882967607105538
2023-08,3572,2138,59.85442329227324,946,26.483762597984324,379,10.61030235162374,109,3.051511758118701,488,13.66181410974244
2023-09,8018,4778,59.590920429034675,1801,22.46196058867548,1188,14.816662509353954,251,3.130456472935894,1439,17.947118982289847
2023-10,11520,6952,60.34722222222222,2383,20.68576388888889,1780,15.45138888888889,405,3.515625,2185,18.96701388888889
2023-11,12272,6621,53.95208604954368,2780,22.653194263363755,2188,17.829204693611473,683,5.565514993481095,2871,23.394719687092568
2023-12,11215,5608,50.00445831475702,2971,26.49130628622381,1914,17.066428889879624,722,6.437806509139546,2636,23.504235399019173
2024-01,5908,2868,48.544346648612056,1631,27.606635071090047,1016,17.197020988490184,393,6.651997291807718,1409,23.8490182802979
2024-02,2100,1011,48.142857142857146,702,33.42857142857143,283,13.476190476190474,104,4.9523809523809526,387,18.428571428571427
2024-03,2337,915,39.15275994865212,925,39.580658964484385,324,13.86392811296534,173,7.40265297389816,497,21.2665810868635
2024-04,1419,507,35.72938689217759,563,39.67582804792107,173,12.191684284707542,176,12.4031007751938,349,24.59478505990134
2024-05,1096,424,38.68613138686132,443,40.41970802919708,133,12.135036496350365,96,8.75912408759124,229,20.894160583941606
2024-06,738,291,39.43089430894309,302,40.921409214092144,94,12.737127371273713,51,6.910569105691057,145,19.647696476964768
2024-07,934,377,40.364025695931474,434,46.466809421841546,87,9.314775160599572,36,3.854389721627409,123,13.16916488222698
2024-08,3426,2064,60.24518388791593,792,23.117338003502628,455,13.280793928779918,115,3.3566841798015177,570,16.637478108581437
2024-09,3991,2169,54.347281383112,863,21.623653219744423,736,18.441493360060136,223,5.587572037083438,959,24.029065397143572
2024-10,7460,4640,62.19839142091153,1462,19.59785522788204,1017,13.632707774798927,341,4.571045576407506,1358,18.203753351206434
2024-11,5186,2611,50.3470883146934,1440,27.76706517547243,778,15.001928268414963,357,6.883918241419205,1135,21.88584650983417
2024-12,3754,1682,44.805540756526376,1275,33.96377197655834,557,14.837506659563132,240,6.393180607352157,797,21.23068726691529
2025-01,6175,3151,51.02834008097166,1726,27.951417004048583,876,14.186234817813764,422,6.834008097165992,1298,21.020242914979757
2025-02,6404,3221,50.29668956901936,1870,29.200499687695192,730,11.399125546533416,583,9.10368519675203,1313,20.502810743285448
2025-03,1620,697,43.02469135802469,605,37.34567901234568,223,13.765432098765432,95,5.864197530864197,318,19.62962962962963
2025-04,1072,402,37.5,476,44.40298507462687,130,12.126865671641792,64,5.970149253731343,194,18.097014925373134
2025-05,1422,420,29.535864978902953,820,57.66526019690576,122,8.579465541490858,60,4.219409282700422,182,12.79887482419128
2025-06,732,267,36.47540983606557,361,49.31693989071038,64,8.743169398907105,40,5.46448087431694,104,14.207650273224044
2025-07,1120,479,42.76785714285714,502,44.82142857142858,105,9.375,34,3.0357142857142856,139,12.410714285714286
2025-08,2977,1684,56.56701377225395,870,29.224051058112195,351,11.790393013100436,72,2.418542156533423,423,14.20893516963386
2025-09,8768,5257,59.9566605839416,1972,22.490875912408757,1287,14.67837591240876,252,2.874087591240876,1539,17.552463503649633
2025-10,11556,7016,60.713049498096225,2526,21.85877466251298,1657,14.338871581862236,357,3.0893042575285565,2014,17.428175839390793
2025-11,19466,10584,54.37172505907737,4785,24.581321278125966,3174,16.30535292304531,923,4.7416007397513615,4097,21.04695366279667
2025-12,13426,5666,42.201698197527186,3744,27.88619097273946,3065,22.82883956502309,951,7.083271264710264,4016,29.91211082973335
